SNP_5,SNP_55,SNP_64,SNP_115,SNP_119,SNP_139,SNP_141,SNP_146,SNP_188,SNP_223,SNP_225,SNP_231,SNP_232,SNP_244,SNP_275,SNP_283,SNP_300,SNP_314,SNP_316,SNP_327,SNP_361,SNP_371,SNP_376,outcome
BB,AA,BB,BB,AB,BB,BB,NC,AA,AA,AA,BB,AA,AA,BB,NC,AA,BB,BB,AA,NC,BB,NC,5.298013245
BB,AA,BB,BB,AB,BB,AB,NC,AA,AA,AA,BB,AA,AA,BB,NC,AA,BB,BB,AA,NC,BB,NC,-35.94470046
BB,AA,BB,BB,AB,BB,BB,NC,AA,AA,AA,BB,AA,AA,BB,NC,AA,BB,BB,AA,NC,BB,NC,-23.8372093
BB,AA,BB,BB,AB,BB,AB,NC,AA,AA,AA,BB,AA,AA,BB,NC,AA,BB,BB,AA,NC,BB,NC,-31.57894737
BB,AA,BB,BB,AB,BB,BB,NC,AA,AA,AA,BB,AA,AA,BB,NC,AA,BB,BB,AA,NC,BB,NC,-20.83333333
BB,AA,BB,BB,AB,BB,BB,NC,AA,AA,AA,BB,AA,AA,BB,NC,AA,BB,BB,AA,NC,BB,NC,-41.66666667
BB,AA,BB,BB,AB,BB,BB,NC,AA,AA,AA,BB,AA,AA,BB,NC,AA,BB,BB,AA,NC,BB,NC,-26.76056338
BB,AA,BB,BB,AB,BB,BB,NC,AA,AA,AA,BB,AA,AA,BB,NC,AA,BB,BB,AA,NC,BB,NC,-24.06417112
BB,AA,BB,BB,AB,BB,BB,NC,AA,AA,AA,BB,AA,AA,BB,NC,AA,BB,BB,AA,NC,BB,NC,-14.48275862
BB,AA,BB,BB,AB,BB,BB,NC,AA,AA,AA,BB,AA,AA,BB,NC,AA,BB,BB,AA,NC,BB,NC,-35.31914894
BB,AA,BB,BB,AB,BB,BB,NC,AA,AA,AA,BB,AA,AA,BB,NC,AA,BB,BB,AA,NC,BB,NC,-29.77099237
BB,AA,BB,BB,AB,BB,BB,NC,AA,AA,AA,BB,AA,AA,BB,NC,AA,BB,BB,AA,NC,BB,NC,-36.95652174
BB,AA,BB,BB,AB,BB,BB,NC,AA,AA,AA,BB,AA,AA,BB,NC,AA,BB,BB,AA,NC,BB,NC,-27.91666667
BB,AA,BB,BB,AB,BB,BB,NC,AA,AA,AA,BB,AA,AA,BB,NC,AA,BB,BB,AA,NC,AB,NC,-8.02919708
BB,AA,BB,BB,AB,BB,BB,NC,AA,AA,AA,BB,AA,AA,BB,NC,AA,BB,BB,AA,NC,BB,NC,-27.81065089
BB,AA,BB,BB,AB,BB,BB,NC,AA,AA,AA,BB,AA,AA,BB,NC,AA,BB,BB,AA,NC,BB,NC,-29.8245614
BB,AA,BB,BB,AB,BB,BB,NC,AA,AA,AA,BB,AA,AA,BB,NC,AA,BB,BB,AA,NC,BB,NC,-53.27510917
BB,AA,BB,BB,AB,BB,BB,NC,AA,AA,AA,BB,AA,AA,BB,NC,AA,BB,BB,AA,NC,BB,NC,-7.352941176
BB,AA,BB,BB,AB,BB,BB,NC,AA,AA,AA,BB,AA,AA,BB,NC,AA,BB,BB,AA,NC,BB,NC,-27.40384615
BB,AA,BB,BB,AB,BB,BB,NC,AA,AA,AA,BB,AA,AA,BB,NC,AA,BB,BB,AA,NC,BB,NC,-26.9058296
BB,AA,BB,BB,AB,BB,BB,NC,AA,AA,AA,BB,AA,AA,BB,NC,AA,BB,BB,AA,NC,BB,NC,-39.92395437
BB,AA,BB,BB,AB,BB,BB,NC,AA,AA,AA,BB,AA,AA,BB,NC,AA,BB,BB,AA,NC,BB,NC,-40.75829384
BB,AA,BB,BB,AB,BB,BB,NC,AA,AA,AA,BB,AA,AA,BB,NC,AA,BB,BB,AA,NC,BB,NC,-8.888888889
BB,AA,BB,BB,AB,BB,BB,NC,AA,AA,AA,BB,AA,AA,BB,NC,AA,BB,BB,AA,NC,BB,NC,-6.640625
BB,AA,BB,BB,AB,BB,BB,NC,AA,AA,AA,BB,AA,AA,BB,NC,AA,BB,BB,AA,NC,BB,NC,7.894736842
BB,AA,BB,BB,AB,BB,BB,NC,AA,AA,AA,BB,AA,AA,BB,NC,AA,BB,BB,AA,NC,BB,NC,-61.42857143
BB,AA,BB,BB,AB,BB,AB,NC,AA,AA,AA,BB,AA,AA,BB,NC,AA,BB,BB,AA,NC,BB,NC,-49.01960784
BB,AA,BB,AB,AB,BB,BB,NC,AA,AA,AA,BB,AA,AA,BB,NC,AA,BB,BB,AB,NC,BB,NC,-2.255639098
AB,AB,BB,BB,AB,BB,BB,NC,AA,AA,AA,BB,AA,AA,BB,NC,AA,BB,BB,AA,NC,BB,NC,-34.3373494
BB,AA,BB,BB,AB,BB,BB,NC,AA,AA,AA,BB,AA,AA,BB,NC,AA,BB,BB,AA,NC,BB,NC,-23.28767123
BB,AA,BB,AB,AB,BB,BB,NC,AA,AA,AA,BB,AA,AA,BB,NC,AA,BB,BB,AB,NC,BB,NC,-42.0
BB,AA,BB,BB,AB,BB,BB,NC,AA,AA,AA,BB,AA,AA,BB,NC,AA,BB,BB,AA,NC,BB,NC,-28.57142857
BB,AA,BB,BB,AB,BB,BB,NC,AA,AA,AA,BB,AA,AA,BB,NC,AA,BB,BB,AA,NC,BB,NC,-42.66666667
BB,AA,BB,BB,AB,BB,BB,NC,AA,AA,AA,BB,AA,AA,AB,NC,AA,BB,BB,AA,NC,BB,NC,-21.26245847
BB,AA,BB,BB,AB,BB,BB,NC,AA,AA,AA,BB,AA,AA,BB,NC,AA,BB,BB,AA,NC,AB,NC,-41.7218543
BB,AA,BB,BB,AB,BB,BB,NC,AA,AA,AA,BB,AA,AA,BB,NC,AA,BB,BB,AA,NC,BB,NC,5.479452055
BB,AA,BB,BB,AB,BB,BB,NC,AA,AA,AA,BB,AA,AA,BB,NC,AA,BB,BB,AA,NC,BB,NC,-25.89928058
BB,AA,BB,BB,AB,BB,BB,NC,AA,AA,AA,BB,AA,AA,BB,NC,AA,BB,BB,AA,NC,BB,NC,19.40298508
BB,AA,BB,BB,AB,BB,BB,NC,AA,AA,AA,BB,AA,AA,BB,NC,AA,BB,BB,AA,NC,BB,NC,-9.565217391
BB,AA,BB,BB,AB,BB,BB,NC,AA,AA,AA,BB,AA,AA,BB,NC,AA,BB,BB,AA,NC,BB,NC,-35.81081081
BB,AA,BB,BB,AB,BB,BB,NC,AA,AA,AA,BB,AA,AA,BB,NC,AA,BB,BB,AA,NC,BB,NC,-26.54320988
BB,AA,BB,BB,AB,BB,BB,NC,AA,AA,AA,BB,AA,AA,AB,NC,AA,BB,BB,AA,NC,BB,NC,-36.40776699
BB,AA,BB,BB,AB,BB,BB,NC,AA,AA,AA,BB,AA,AA,BB,NC,AA,BB,BB,AA,NC,BB,NC,-43.93939394
BB,AA,BB,AB,AB,BB,BB,NC,AA,AA,AA,BB,AA,AA,BB,NC,AA,BB,BB,AB,NC,BB,NC,-26.74418605
BB,AA,BB,BB,AB,BB,BB,NC,AA,AA,AA,BB,AA,AA,BB,NC,AA,AB,BB,AA,NC,BB,NC,-50.4587156
BB,AA,BB,BB,AB,BB,BB,NC,AA,AA,AA,BB,AA,AA,BB,NC,AA,BB,BB,AA,NC,BB,NC,1.234567901
BB,AA,BB,BB,AB,BB,BB,NC,AA,AA,AA,BB,AA,AA,BB,NC,AA,BB,BB,AA,NC,BB,NC,-33.33333333
BB,AA,BB,BB,AB,BB,BB,NC,AA,AA,AA,BB,AA,AA,BB,NC,AA,BB,BB,AA,NC,BB,NC,-36.80981595
BB,AA,BB,BB,AB,BB,BB,NC,AA,AA,AA,BB,AA,AA,BB,NC,AA,BB,BB,AA,NC,BB,NC,-44.28571429
BB,AA,BB,BB,AB,BB,BB,NC,AA,AA,AA,BB,AA,AA,BB,NC,AA,BB,BB,AA,NC,BB,NC,-32.59259259
BB,AA,BB,BB,AB,BB,BB,NC,AA,AA,AA,BB,AA,AA,BB,NC,AA,BB,BB,AA,NC,BB,NC,-15.52511416
BB,AA,BB,BB,AB,BB,BB,NC,AA,AA,AA,BB,AA,AA,BB,NC,AA,BB,BB,AA,NC,BB,NC,-30.55555556
BB,AA,BB,BB,AB,BB,BB,NC,AA,AA,AA,BB,AA,AA,AB,NC,AA,BB,BB,AA,NC,BB,NC,-38.13559322
BB,AA,BB,BB,AB,BB,BB,NC,AA,AA,AA,BB,AA,AA,BB,NC,AA,BB,BB,AA,NC,BB,NC,-39.61352657
BB,AA,BB,BB,AB,BB,BB,NC,AA,AA,AA,BB,AA,AA,BB,NC,AA,BB,BB,AA,NC,BB,NC,-16.01731602
BB,AA,BB,BB,AB,BB,BB,NC,AA,AA,AA,BB,AA,AA,BB,NC,AA,BB,BB,AA,NC,BB,NC,9.659090909
BB,AA,BB,BB,AB,BB,AB,NC,AA,AA,AA,BB,AA,AA,BB,NC,AA,BB,BB,AA,NC,BB,NC,-56.3559322
BB,AA,BB,BB,AB,BB,AB,NC,AA,AA,AA,BB,AA,AA,BB,NC,AA,BB,BB,AA,NC,BB,NC,-23.25581395
BB,AA,BB,BB,AB,BB,BB,NC,AA,AA,AA,BB,AB,AA,BB,NC,AA,BB,BB,AA,NC,BB,NC,-18.91891892
BB,AA,BB,BB,AB,BB,BB,NC,AA,AA,AA,BB,AA,AA,BB,NC,AA,BB,BB,AA,NC,BB,NC,-35.26785714
BB,AA,BB,BB,AB,BB,BB,NC,AA,AA,AA,BB,AA,AA,BB,NC,AA,BB,BB,AA,NC,BB,NC,-40.4040404
BB,AA,BB,BB,AB,BB,BB,NC,AA,AA,AA,BB,AA,AA,BB,NC,AA,BB,BB,AA,NC,BB,NC,-46.5
BB,AA,BB,BB,AB,BB,BB,NC,AA,AA,AA,BB,AA,AA,BB,NC,AA,BB,BB,AA,NC,BB,NC,6.896551724
BB,AA,BB,BB,AB,BB,BB,NC,AA,AA,AA,BB,AA,AA,BB,NC,AA,BB,BB,AA,NC,BB,NC,-24.61538462
BB,AA,BB,BB,AB,BB,BB,NC,AA,AA,AA,BB,AA,AA,BB,NC,AA,BB,BB,AA,NC,BB,NC,-30.09259259
BB,AA,BB,BB,AB,BB,BB,NC,AA,AA,AA,BB,AA,AA,AB,NC,AA,BB,BB,AA,NC,BB,NC,-31.57894737
BB,AA,BB,BB,AB,BB,BB,NC,AA,AA,AA,BB,AA,AA,BB,NC,AA,BB,BB,AA,NC,BB,NC,-9.285714286
BB,AA,BB,BB,AB,BB,BB,NC,AA,AA,AA,BB,AA,AA,BB,NC,AA,BB,BB,AA,NC,BB,NC,-11.61616162
BB,AA,BB,BB,AB,BB,BB,NC,AA,AA,AA,BB,AA,AA,BB,NC,AA,BB,BB,AA,NC,BB,NC,-22.02380952
BB,AA,BB,AB,AB,BB,BB,NC,AA,AA,AA,BB,AA,AA,BB,NC,AA,BB,BB,AB,NC,BB,NC,-50.0
BB,AA,BB,BB,AB,BB,BB,NC,AA,AA,AA,BB,AA,AA,BB,NC,AA,BB,BB,AA,NC,BB,NC,42.06896552
BB,AA,BB,BB,AB,BB,BB,NC,AA,AA,AA,BB,AA,AA,BB,NC,AA,BB,BB,AA,NC,BB,NC,-25.68807339
BB,AA,BB,BB,AB,BB,BB,NC,AA,AA,AA,BB,AA,AA,BB,NC,AA,BB,BB,AA,NC,BB,NC,-43.33333333
BB,AA,BB,BB,AB,BB,BB,NC,AA,AA,AA,BB,AA,AA,BB,NC,AA,BB,BB,AA,NC,BB,NC,-20.76502732
BB,AA,BB,BB,AB,BB,BB,NC,AA,AA,AA,BB,AA,AA,BB,NC,AA,BB,BB,AA,NC,BB,NC,-18.5840708
BB,AA,BB,BB,AB,BB,BB,NC,AA,AA,AA,BB,AA,AA,BB,NC,AA,BB,BB,AA,NC,BB,NC,-8.396946565
BB,AA,BB,BB,AB,BB,BB,NC,AA,AA,AA,BB,AA,AA,BB,NC,AA,BB,BB,AA,NC,BB,NC,-33.13253012
BB,AA,BB,BB,AB,BB,BB,NC,AA,AA,AA,BB,AA,AA,BB,NC,AA,BB,BB,AA,NC,BB,NC,-3.333333333
BB,AA,BB,BB,AB,BB,BB,NC,AA,AA,AA,BB,AA,AA,BB,NC,AA,BB,BB,AA,NC,BB,NC,-22.05882353
BB,AA,BB,BB,AB,BB,BB,NC,AA,AA,AA,BB,AA,AA,BB,NC,AA,BB,BB,AA,NC,BB,NC,-51.62454874
BB,AA,BB,BB,AB,BB,BB,NC,AA,AA,AA,BB,AA,AA,BB,NC,AA,BB,BB,AA,NC,BB,NC,-17.10526316
BB,AA,BB,BB,AB,BB,BB,NC,AA,AA,AA,BB,AA,AA,BB,NC,AA,BB,BB,AA,NC,BB,NC,-49.35897436
BB,AA,BB,BB,AB,BB,BB,NC,AA,AA,AA,BB,AA,AA,BB,NC,AA,BB,BB,AA,NC,BB,NC,-31.61290323
BB,AA,BB,BB,AB,BB,BB,NC,AA,AA,AA,BB,AA,AA,BB,NC,AA,BB,BB,AA,NC,BB,NC,-11.24031008
BB,AA,BB,BB,AB,BB,BB,NC,AA,AA,AA,BB,AA,AA,BB,NC,AA,BB,BB,AA,NC,BB,NC,-42.24137931
BB,AA,BB,BB,AB,BB,BB,NC,AA,AA,AA,BB,NC,AA,BB,NC,AA,BB,BB,AA,NC,BB,NC,-17.00680272
BB,AA,BB,BB,AB,BB,BB,NC,AA,AA,AA,BB,AA,AA,BB,NC,AA,BB,BB,AA,NC,BB,NC,-61.95286195
BB,AA,BB,BB,AB,BB,BB,NC,AA,AA,AA,BB,AA,AA,BB,NC,AA,BB,BB,AA,NC,BB,NC,-12.35294118
BB,AA,BB,BB,AB,BB,BB,NC,AA,AA,AA,BB,AA,AA,BB,NC,AA,BB,BB,AA,NC,BB,NC,-32.8125
BB,AA,BB,BB,AB,BB,BB,NC,AA,AA,AA,BB,AA,AA,BB,NC,AA,BB,BB,AA,NC,BB,NC,-12.76595745
BB,AA,BB,BB,AB,BB,BB,NC,AA,AA,AA,BB,AA,AA,BB,NC,AA,BB,AB,AA,NC,BB,NC,-46.40883978
BB,AA,BB,BB,AB,BB,BB,NC,AA,AA,AA,BB,AA,AA,BB,NC,AA,BB,BB,AA,NC,AB,NC,-44.44444444
BB,AA,BB,BB,AB,BB,BB,NC,AA,AA,AA,BB,AA,AA,BB,NC,AA,BB,BB,AA,NC,BB,NC,5.263157895
BB,AA,BB,BB,AB,BB,BB,NC,AA,AA,AA,BB,AA,AA,BB,NC,AA,BB,BB,AA,NC,BB,NC,-10.2189781
BB,AA,BB,BB,AB,BB,BB,NC,AA,AA,AA,BB,AA,AA,BB,NC,AA,BB,BB,AA,NC,BB,NC,-51.14503817
BB,AA,BB,BB,AB,BB,BB,NC,AA,AA,AA,BB,AA,AA,BB,NC,AA,BB,BB,AA,NC,BB,NC,-46.4516129
BB,AA,BB,BB,AB,BB,BB,NC,AA,AA,AA,BB,AA,AA,BB,NC,AA,BB,BB,AA,NC,BB,NC,-27.83018868
BB,AA,BB,BB,AB,BB,BB,NC,AA,AA,AA,BB,AA,AA,BB,NC,AA,BB,BB,AA,NC,BB,NC,-30.15075377
BB,AA,BB,BB,AB,BB,BB,NC,AA,AA,AA,BB,AA,AA,BB,NC,AA,BB,BB,AA,NC,BB,NC,-17.8343949
BB,AA,BB,BB,AB,BB,BB,NC,AA,AA,AA,BB,AA,AA,BB,NC,AA,BB,BB,AA,NC,BB,NC,-28.71287129
BB,AA,BB,BB,AB,BB,BB,NC,AA,AA,AA,BB,AA,AA,BB,NC,AA,BB,BB,AA,NC,BB,NC,-52.77777778
BB,AA,BB,BB,AB,BB,BB,NC,AA,AA,AA,BB,AA,AA,BB,NC,AA,BB,BB,AA,NC,BB,NC,-49.24242424
BB,AA,BB,BB,AB,BB,BB,NC,AA,AA,AA,BB,AA,AB,BB,NC,AA,BB,BB,AA,NC,BB,NC,-0.934579439
BB,AA,BB,BB,AB,BB,AB,NC,AA,AA,AA,BB,AA,AA,BB,NC,AA,BB,BB,AA,NC,BB,NC,-16.98113208
BB,AA,BB,BB,AB,BB,BB,NC,AA,AA,AA,BB,AA,AA,BB,NC,AA,BB,BB,AA,NC,BB,NC,-46.2962963
BB,AA,BB,BB,AB,BB,BB,NC,AA,AA,AA,BB,AA,AA,BB,NC,AA,BB,BB,AA,NC,BB,NC,-51.17647059
BB,AA,BB,BB,AB,BB,AB,NC,AA,AA,AA,BB,AA,AA,BB,NC,AA,BB,BB,AA,NC,BB,NC,-27.38853503
BB,AA,BB,BB,AB,BB,BB,NC,AA,AA,AA,BB,AA,AA,AB,NC,AA,BB,BB,AA,NC,BB,NC,-25.17006803
BB,AA,BB,BB,AB,BB,BB,NC,AB,AA,AA,BB,AA,AA,BB,NC,AA,BB,BB,AA,NC,BB,NC,-26.8722467
BB,AA,BB,BB,AB,BB,BB,NC,AA,AA,AA,BB,AA,AA,BB,NC,AA,BB,BB,AA,NC,BB,NC,-15.48387097
BB,AA,BB,BB,AB,BB,BB,NC,AA,AA,AA,BB,AA,AA,BB,NC,AA,BB,BB,AA,NC,BB,NC,-35.97560976
BB,AA,BB,BB,AB,BB,BB,NC,AA,AA,AA,BB,AA,AA,BB,NC,AA,BB,BB,AA,NC,BB,NC,-29.45736434
BB,AA,BB,BB,AB,BB,BB,NC,AA,AA,AA,BB,AA,AA,BB,NC,AA,BB,BB,AA,NC,BB,NC,2.843601896
BB,AA,BB,BB,AB,BB,BB,NC,AA,AA,AA,BB,AA,AB,BB,NC,AA,BB,BB,AA,NC,BB,NC,-52.96803653
BB,AA,BB,BB,AB,BB,BB,NC,AA,AA,AA,BB,AA,AA,BB,NC,AA,BB,BB,AA,NC,BB,NC,-33.09859155
BB,AA,BB,BB,AB,BB,BB,NC,AA,AA,AA,BB,AA,AA,BB,NC,AA,BB,BB,AA,NC,BB,NC,-16.55172414
BB,AA,BB,BB,AB,BB,BB,AB,AA,AA,AA,BB,AA,AA,BB,NC,AA,BB,BB,AA,NC,BB,NC,-6.993006993
BB,AA,BB,BB,AB,BB,BB,NC,AA,AA,AA,BB,AA,AB,BB,NC,AA,BB,BB,AA,NC,BB,NC,-29.32862191
BB,AA,BB,BB,AB,BB,BB,NC,AA,AA,AA,BB,AA,AA,BB,NC,AA,BB,BB,AA,NC,BB,NC,-23.70689655
BB,AA,BB,BB,AB,BB,BB,NC,AA,AA,NC,BB,AA,AA,BB,NC,AA,BB,BB,AA,NC,BB,NC,-14.07035176
BB,AA,BB,BB,AB,BB,BB,NC,AA,AA,AA,BB,AA,AA,BB,NC,AA,BB,BB,AA,NC,BB,NC,7.975460123
BB,AA,BB,BB,AB,BB,AB,NC,AA,AA,AA,BB,AA,AA,BB,NC,AA,BB,BB,AA,NC,BB,NC,-49.55752212
BB,AA,BB,BB,AB,BB,BB,NC,AA,AA,AA,BB,AA,AA,BB,NC,AA,BB,BB,AA,NC,BB,NC,-26.75438596
BB,AA,BB,BB,AB,BB,BB,NC,AA,AA,AA,BB,AA,AA,BB,NC,AA,BB,BB,AA,NC,BB,NC,9.844559586
BB,AA,BB,BB,AB,BB,BB,NC,AA,AA,AA,BB,AA,AA,BB,NC,AA,BB,BB,AA,NC,BB,NC,-41.7218543
BB,AA,BB,BB,AB,BB,BB,NC,AA,AA,AA,BB,AA,AA,BB,NC,AA,BB,BB,AA,NC,BB,NC,-36.30136986
BB,AA,BB,BB,AB,BB,BB,NC,AA,AA,AA,BB,AA,AA,BB,NC,AA,BB,BB,AA,NC,BB,NC,-30.84577114
BB,AA,BB,BB,AB,BB,BB,NC,AA,AA,AA,BB,AA,AA,BB,NC,AA,BB,BB,AA,NC,BB,NC,-9.137055838
BB,AA,BB,BB,AB,BB,BB,NC,AA,AA,AB,BB,AA,AA,BB,NC,AA,BB,BB,AA,NC,BB,NC,0.552486188
BB,AA,BB,BB,AB,BB,BB,NC,AA,AA,AA,BB,AA,AA,BB,NC,AA,BB,BB,AA,NC,BB,NC,-38.76651982
BB,AA,BB,BB,AB,BB,BB,NC,AA,AA,AA,BB,AA,AA,BB,NC,AA,BB,BB,AA,NC,BB,NC,-25.51724138
BB,AA,BB,BB,AB,BB,BB,NC,AA,AA,AA,BB,AA,AA,BB,NC,AA,BB,BB,AA,NC,BB,NC,17.68707483
BB,AA,BB,BB,AB,BB,BB,NC,AA,AA,AA,BB,AA,AA,BB,NC,AA,AB,BB,AA,NC,BB,NC,-21.76470588
BB,AA,BB,BB,AB,BB,BB,NC,AA,AA,AA,BB,AA,AA,BB,NC,AA,BB,BB,AA,NC,BB,NC,-25.36764706
BB,AA,BB,BB,AB,BB,BB,NC,AA,AA,AA,BB,AA,AA,BB,NC,AA,BB,BB,AA,NC,BB,NC,-27.31707317
BB,AA,BB,BB,AB,BB,BB,NC,AA,AA,AA,BB,AA,AA,BB,NC,AA,BB,BB,AA,NC,BB,NC,-47.09677419
BB,AA,BB,BB,AB,BB,BB,NC,AA,AA,AA,BB,AA,AA,BB,NC,AA,BB,BB,AA,NC,BB,NC,-47.08737864
BB,AA,BB,BB,AB,BB,BB,NC,AA,AA,AA,BB,AA,AA,BB,NC,AA,BB,BB,AA,NC,BB,NC,5.063291139
NC,AA,BB,BB,AB,NC,BB,NC,AA,AA,AA,BB,AA,AA,BB,NC,AA,BB,AB,AA,NC,BB,NC,-32.3943662
BB,AA,BB,BB,AB,BB,BB,NC,AA,AA,AA,BB,AA,AA,BB,NC,AA,BB,BB,AA,NC,BB,NC,-32.52427184
BB,AA,BB,BB,AB,BB,BB,NC,AA,AA,AA,BB,AA,AA,BB,NC,AA,BB,BB,AA,NC,BB,NC,-47.98206278
BB,AA,BB,BB,AB,BB,BB,NC,AA,AA,AA,BB,AA,AA,BB,NC,AA,BB,BB,AA,NC,BB,NC,-44.67005076
BB,AA,BB,BB,AB,BB,BB,NC,AA,AA,AA,BB,AA,AA,BB,NC,AA,BB,BB,AA,NC,BB,NC,-5.042016807
BB,AA,BB,BB,AB,BB,BB,NC,AB,AA,AA,BB,AA,AA,BB,NC,AA,BB,BB,AA,NC,BB,NC,43.47826087
BB,AA,BB,BB,AB,BB,BB,NC,AA,AA,AA,BB,AA,AA,BB,NC,AA,BB,BB,AA,NC,BB,NC,-38.18181818
BB,AA,BB,BB,AB,BB,BB,NC,AA,AA,AA,BB,AA,AA,BB,NC,AA,BB,BB,AA,NC,BB,NC,-29.51807229
BB,AA,BB,BB,AB,BB,BB,NC,AA,AA,AA,BB,AA,AA,BB,NC,AA,BB,BB,AA,NC,BB,NC,-16.25615764
BB,AA,BB,BB,AB,BB,BB,NC,AA,AA,AA,BB,AA,AA,BB,NC,AA,BB,BB,AA,NC,BB,NC,-32.45614035
BB,AA,BB,BB,AB,BB,BB,NC,AA,AA,AA,BB,AA,AA,BB,NC,AA,BB,BB,AA,NC,BB,NC,-26.54867257
BB,AA,BB,BB,AB,BB,BB,NC,AA,AA,AA,BB,AA,AA,BB,NC,AA,BB,BB,AA,NC,BB,NC,-40.95940959
BB,AA,BB,BB,AB,BB,BB,NC,AA,AA,AA,BB,AA,AA,BB,NC,AA,BB,BB,AA,NC,BB,NC,-34.44976077
BB,AA,BB,BB,AB,BB,BB,NC,AA,AA,AA,BB,AA,AA,BB,NC,AA,BB,BB,AA,NC,BB,NC,-31.90789474
BB,AA,BB,BB,AB,BB,BB,NC,AA,AA,AA,BB,AA,AA,BB,NC,AA,BB,BB,AA,NC,BB,NC,-39.71119134
BB,AA,BB,BB,AB,BB,BB,NC,AA,AA,AA,BB,AA,AA,BB,NC,AA,BB,BB,AA,NC,BB,NC,20.40816327
BB,AA,BB,BB,AB,BB,BB,NC,AA,AA,AA,BB,AA,AA,BB,NC,AA,BB,BB,AA,NC,BB,NC,-3.184713376
BB,AA,BB,BB,AB,BB,BB,NC,AA,AA,AA,BB,AA,AA,BB,NC,AA,BB,BB,AA,NC,BB,NC,-35.43307087
BB,AA,BB,BB,AB,BB,BB,NC,AA,AA,AA,BB,AA,AA,BB,NC,AA,BB,BB,AA,NC,BB,NC,-43.47826087
BB,AA,BB,BB,AB,BB,BB,NC,AA,AA,AA,BB,AA,AA,BB,NC,AA,BB,BB,AA,NC,BB,NC,-26.47058824
BB,AA,BB,BB,AB,BB,BB,NC,AA,AA,AA,BB,AA,AA,BB,NC,AA,BB,BB,AA,NC,BB,NC,-53.7593985
BB,AA,BB,BB,AB,BB,BB,NC,AA,AA,AA,BB,AA,AA,BB,NC,AA,BB,BB,AA,NC,BB,NC,-53.51351351
BB,AA,BB,BB,AB,BB,BB,NC,AA,AA,AA,BB,AA,AA,BB,NC,AA,BB,BB,AA,NC,BB,NC,-29.61165049
BB,AA,BB,BB,AB,BB,BB,NC,AA,AA,AA,BB,AA,AA,BB,NC,AA,BB,BB,AA,NC,BB,NC,-36.19631902
BB,AA,BB,BB,AB,BB,BB,NC,AA,AA,AA,BB,AA,AA,BB,NC,AA,BB,BB,AA,NC,BB,NC,-2.604166667
BB,AA,BB,BB,AB,BB,BB,NC,AA,AA,AA,BB,AA,AA,BB,NC,AA,BB,BB,AA,NC,BB,NC,-36.84210526
BB,AA,BB,AB,AB,BB,AB,NC,AA,AA,AA,BB,AA,AA,BB,NC,AA,BB,BB,AB,NC,BB,NC,-44.85981308
BB,AA,BB,BB,AB,BB,AB,NC,AB,AA,AA,BB,AA,AA,BB,NC,AA,BB,BB,AA,NC,BB,NC,-14.5631068
BB,AA,BB,BB,AB,BB,BB,NC,AA,AA,AA,BB,AA,AA,BB,NC,AA,BB,BB,AA,NC,BB,NC,-18.06451613
BB,AA,BB,BB,AB,BB,BB,NC,AA,AA,AA,BB,AA,AA,BB,NC,AA,BB,AB,AA,NC,BB,NC,-33.18777293
BB,AA,BB,BB,AB,BB,BB,NC,AA,AA,AA,BB,AA,AA,BB,NC,AA,BB,BB,AA,NC,BB,NC,-47.39583333
BB,AA,BB,BB,AB,BB,BB,NC,AA,AA,AA,BB,AA,AA,BB,NC,AA,BB,BB,AA,NC,BB,NC,-25.86206897
BB,AA,BB,BB,AB,BB,AB,NC,AA,AA,AA,BB,AA,AA,BB,NC,AA,BB,BB,AA,NC,BB,NC,-27.02702703
BB,AA,BB,BB,AB,BB,AB,NC,AA,AA,AA,BB,AA,AA,BB,NC,AA,BB,AB,AA,NC,BB,NC,9.090909091
BB,AA,BB,BB,AB,BB,BB,NC,AA,AA,AA,BB,AA,AA,BB,NC,AA,BB,BB,AA,NC,BB,NC,-28.43601896
BB,AA,BB,BB,AB,BB,AB,NC,AA,AA,AA,BB,AA,AA,BB,NC,AA,BB,BB,AA,NC,BB,NC,-44.0625
BB,AA,BB,BB,AB,BB,BB,NC,AA,AA,AA,BB,AA,AA,BB,NC,AA,BB,BB,AA,NC,BB,NC,-34.07821229
BB,AA,BB,BB,AB,BB,AB,NC,AA,AA,AA,BB,AA,AA,BB,NC,AA,BB,BB,AA,NC,BB,NC,-9.266409266
BB,AA,BB,BB,AB,BB,BB,NC,AA,AA,AA,BB,AA,AA,BB,NC,AA,BB,BB,AA,NC,BB,NC,-32.48945148
BB,AA,BB,BB,AB,BB,BB,NC,AA,AA,AA,BB,AA,AA,BB,NC,AA,BB,BB,AA,NC,BB,NC,-27.38853503
BB,AA,BB,BB,AB,BB,BB,NC,AA,AA,AA,BB,AA,AA,BB,NC,AA,BB,BB,AA,NC,BB,NC,-45.64102564
BB,AA,BB,BB,AB,BB,BB,NC,BB,AA,AA,BB,AA,AA,BB,NC,AA,BB,BB,AA,NC,BB,NC,-70.10309278
BB,AA,BB,BB,AB,BB,BB,NC,AA,AA,AA,BB,AA,AA,BB,NC,AA,BB,BB,AA,NC,BB,NC,-37.82051282
BB,AA,BB,BB,AB,BB,BB,NC,NC,AA,AA,BB,AA,AA,BB,NC,AA,BB,BB,AA,NC,BB,NC,-30.06134969
BB,AA,BB,BB,AB,BB,BB,NC,AA,AA,AA,BB,AA,AA,BB,NC,AA,BB,BB,AA,NC,BB,NC,-56.30252101
BB,AA,BB,BB,AB,BB,BB,NC,AA,AA,AA,BB,AA,AA,BB,NC,AA,BB,BB,AA,NC,BB,NC,89.94708995
BB,AA,BB,BB,AB,BB,BB,NC,AA,AA,AA,BB,AA,AA,BB,NC,AA,BB,BB,AA,NC,BB,NC,-24.85207101
BB,AA,BB,BB,AB,BB,BB,NC,AA,AA,AA,BB,AA,AA,BB,NC,AA,BB,BB,AA,NC,BB,NC,-39.16666667
BB,AA,BB,BB,AB,BB,BB,NC,AA,AA,AA,BB,AA,AA,BB,NC,AA,BB,BB,AA,NC,BB,NC,-29.93197279
BB,AA,BB,BB,AB,BB,BB,NC,AA,AA,AA,BB,AA,AA,BB,NC,AA,BB,BB,AA,NC,BB,NC,-8.275862069
BB,AA,BB,BB,AB,BB,AB,NC,AA,AA,AA,BB,AA,AA,BB,NC,AA,BB,BB,AA,NC,AB,NC,7.857142857
BB,AA,BB,BB,AB,BB,BB,NC,AA,AA,AA,BB,AA,AA,BB,NC,AA,BB,BB,AA,NC,BB,NC,-28.50241546
BB,AA,BB,BB,AB,BB,BB,NC,AA,AA,AA,BB,AA,AA,BB,NC,AA,BB,BB,AA,NC,BB,NC,-44.59459459
BB,AA,BB,BB,AB,BB,AB,NC,AA,AA,AA,BB,AA,AB,BB,NC,AA,BB,BB,AA,NC,BB,NC,-54.07725322
BB,AA,BB,BB,AB,BB,BB,NC,AA,AA,AA,BB,AA,AA,BB,NC,AA,BB,BB,AA,NC,BB,NC,-19.12568306
BB,AA,BB,BB,AB,BB,BB,NC,AA,AA,AA,BB,AA,AA,AB,NC,AA,BB,BB,AA,NC,BB,NC,0.934579439
BB,AA,BB,BB,AB,BB,BB,NC,AA,AA,AA,BB,AA,AA,BB,NC,AA,BB,BB,AA,NC,BB,NC,-36.19631902
BB,AA,BB,BB,AB,BB,AB,NC,AA,AA,AA,BB,AA,AA,BB,NC,AA,BB,BB,AA,NC,BB,NC,-36.875
BB,AA,BB,BB,AB,BB,BB,NC,AA,AA,AA,BB,AA,AA,BB,NC,AA,BB,BB,AA,NC,BB,NC,-25.87064677
BB,AA,BB,BB,AB,BB,BB,NC,AA,AA,AA,BB,AA,AA,BB,NC,AA,BB,AB,AA,NC,BB,NC,-57.05521472
BB,AA,BB,BB,AB,BB,BB,NC,AA,AA,AA,BB,AA,AA,BB,NC,AA,BB,BB,AA,NC,BB,NC,-34.41558442
BB,AA,BB,BB,AB,BB,BB,NC,AA,AA,AA,BB,AA,AA,BB,NC,AA,BB,BB,AA,NC,BB,NC,-23.77622378
BB,AA,BB,BB,AB,BB,BB,NC,AA,AA,AA,BB,AA,AA,BB,NC,AA,BB,BB,AA,NC,BB,NC,-33.84615385
BB,AA,BB,BB,AB,BB,BB,NC,AA,AA,AA,BB,AA,AA,BB,NC,AA,BB,BB,AA,NC,BB,NC,-31.12582781
BB,AA,BB,BB,AB,BB,BB,NC,AA,AA,AA,BB,AA,AA,BB,NC,AA,BB,BB,AA,NC,BB,NC,-40.33613445
BB,AA,BB,BB,AB,BB,BB,NC,AA,AA,AA,BB,AA,AA,BB,NC,AA,BB,BB,AA,NC,BB,NC,-44.76987448
BB,AA,BB,BB,AB,BB,BB,NC,AA,AA,AA,BB,AA,AA,BB,NC,AA,BB,BB,AA,NC,BB,NC,-50.54347826
BB,AA,BB,BB,AB,BB,BB,NC,AA,AA,AA,BB,AA,AA,BB,NC,AA,BB,BB,AA,NC,BB,NC,-45.45454545
BB,AA,BB,BB,AB,BB,BB,NC,AA,AA,AA,BB,AA,AA,BB,NC,AA,BB,BB,AA,NC,BB,NC,-43.91534392
BB,AA,BB,BB,AB,BB,BB,NC,AA,AA,AA,BB,AA,AA,BB,NC,AA,BB,BB,AA,NC,BB,NC,-41.26984127
BB,AA,BB,BB,AB,BB,BB,NC,AA,AA,AA,BB,AA,AA,BB,NC,AA,BB,BB,NC,NC,BB,NC,-28.0
BB,AA,BB,BB,AB,BB,BB,NC,AA,AA,AA,BB,AA,AA,BB,NC,AA,BB,BB,AA,NC,BB,NC,-16.38418079
BB,AA,BB,BB,AB,BB,BB,NC,AA,AA,AA,BB,AA,AA,BB,NC,AA,BB,BB,AA,NC,BB,NC,-43.08943089
BB,AA,BB,BB,AB,BB,BB,NC,AA,AA,AA,BB,AA,AA,BB,NC,AA,BB,BB,AA,NC,BB,NC,-38.70967742
BB,AA,BB,BB,AB,BB,BB,NC,AA,AA,AA,BB,AA,AA,BB,NC,AA,BB,BB,AA,NC,BB,NC,-51.63934426
BB,AA,BB,BB,AB,BB,BB,NC,AA,AA,AA,BB,AA,AA,BB,NC,AA,BB,BB,AA,NC,BB,NC,-41.70854271
AB,AA,BB,BB,AB,BB,BB,NC,AA,AA,AA,BB,AA,AA,BB,NC,AA,BB,BB,AA,NC,BB,NC,-35.97560976
BB,AA,BB,BB,AB,BB,BB,NC,AA,AA,AA,BB,AA,AA,BB,NC,AA,BB,BB,AA,NC,BB,NC,15.81769437
BB,AA,BB,BB,AB,BB,BB,NC,AA,AA,AA,BB,AA,AA,BB,NC,AA,BB,BB,AA,NC,BB,NC,-22.08588957
BB,AA,BB,BB,AB,BB,BB,NC,AA,AA,AA,BB,AA,AA,BB,NC,AA,BB,BB,AA,NC,BB,NC,-35.71428571
BB,AA,BB,BB,AB,BB,BB,NC,AA,AA,AA,BB,AA,AA,BB,NC,AA,BB,BB,AA,NC,BB,NC,-30.57324841
BB,AA,BB,BB,AB,BB,BB,NC,AA,AA,AA,BB,AA,AA,BB,NC,AA,BB,BB,AA,NC,BB,NC,-49.20634921
BB,AA,BB,AB,AB,BB,BB,NC,AA,AA,AA,BB,AA,AA,BB,NC,AA,BB,BB,AB,NC,BB,NC,-11.29032258
BB,AA,BB,BB,AB,BB,BB,NC,AA,AA,AA,BB,AA,AA,BB,NC,AA,BB,BB,AA,NC,BB,NC,-43.31983806
BB,AA,BB,BB,AB,BB,BB,NC,AA,AA,AA,BB,AA,AA,BB,NC,AA,BB,BB,AA,NC,BB,NC,-39.18367347
BB,AA,BB,BB,AB,BB,BB,NC,AA,AA,AA,BB,AA,AA,BB,NC,AA,BB,BB,AA,NC,BB,NC,-26.66666667
BB,AA,BB,BB,AB,BB,BB,NC,AA,AA,AA,BB,AA,AA,BB,NC,AA,BB,BB,AA,NC,BB,NC,-25.0
BB,AA,BB,BB,AB,BB,BB,NC,AA,AA,AA,BB,AA,AA,BB,NC,AA,BB,BB,AA,NC,BB,NC,-12.4137931
BB,AA,BB,BB,AB,BB,BB,NC,AA,AA,AA,BB,AA,AA,BB,NC,AA,BB,BB,AA,NC,BB,NC,-52.19512195
BB,AA,BB,BB,AB,BB,BB,NC,AB,AA,AA,BB,AA,AA,BB,NC,AA,BB,BB,AA,NC,BB,NC,-37.20930233
BB,AA,BB,BB,AB,BB,BB,NC,AA,AA,AA,BB,AA,AA,BB,NC,AA,BB,BB,AA,NC,BB,NC,-37.5
BB,AA,BB,BB,AB,BB,BB,NC,AA,AA,AA,BB,AA,AA,BB,NC,AA,BB,BB,AA,NC,BB,NC,-14.95327103
BB,AA,BB,BB,AB,BB,BB,NC,AA,AA,AA,BB,AA,AA,BB,NC,AA,BB,BB,AA,NC,BB,NC,-37.20930233
BB,AA,BB,BB,AB,BB,BB,NC,AA,AA,AA,BB,AA,AA,BB,NC,AA,BB,BB,AA,NC,BB,NC,-41.20879121
BB,AA,BB,BB,AB,BB,BB,NC,AA,AA,AA,BB,AA,AA,BB,NC,AA,BB,BB,AA,NC,BB,NC,-26.19047619
BB,AA,BB,BB,AB,BB,BB,NC,AA,AA,AA,BB,AA,AA,BB,NC,AA,BB,AB,AA,NC,BB,NC,-18.04878049
BB,AA,BB,BB,AB,BB,AB,NC,AA,AA,AA,BB,AA,AA,BB,NC,AA,BB,BB,AA,NC,BB,NC,-50.19455253
BB,AA,BB,BB,AB,BB,BB,NC,AA,AA,AA,BB,AA,AA,BB,NC,AA,BB,BB,AA,NC,BB,NC,-42.25941423
BB,AA,BB,BB,AB,BB,BB,NC,AA,AA,AA,BB,AA,AA,BB,NC,AA,BB,BB,AA,NC,BB,NC,-30.32258065
BB,AA,BB,BB,AB,BB,BB,NC,AA,AA,AA,BB,AA,AA,BB,NC,AA,BB,BB,AA,NC,BB,NC,-21.875
BB,AA,BB,BB,AB,BB,BB,NC,AA,AA,AA,BB,AA,AA,BB,NC,AA,BB,BB,AA,NC,BB,NC,-42.79279279
BB,AA,BB,BB,AB,BB,BB,NC,AA,AA,AA,BB,AA,AA,BB,NC,AA,BB,BB,AB,NC,BB,NC,-40.0
BB,AA,BB,BB,AB,BB,BB,NC,AA,AA,AA,BB,AA,AA,BB,NC,AA,BB,BB,AA,NC,BB,NC,-34.74576271
BB,AA,BB,BB,AB,BB,BB,NC,AA,AA,AA,BB,AA,AA,BB,NC,AA,BB,BB,AA,NC,BB,NC,-40.12738854
BB,AA,BB,BB,AB,BB,BB,NC,AA,AA,AA,BB,AA,AA,BB,NC,AA,BB,BB,AA,NC,BB,NC,-44.04145078
BB,AA,BB,BB,AB,BB,BB,NC,AA,AA,AA,BB,AA,AA,BB,NC,AA,BB,BB,AA,NC,BB,NC,-15.2173913
BB,AA,BB,BB,AB,BB,BB,NC,AA,AA,AA,BB,AA,AA,BB,NC,AA,BB,BB,AA,NC,BB,NC,-34.28571429
BB,AA,BB,BB,AB,BB,BB,NC,AA,AB,AA,BB,AA,AB,BB,NC,AA,BB,BB,AA,NC,BB,NC,-23.91304348
BB,AA,BB,BB,AB,BB,BB,NC,AA,AA,AA,BB,AA,AA,BB,NC,AA,BB,BB,AA,NC,BB,NC,-10.92436975
BB,AA,BB,BB,AB,BB,BB,NC,AA,AA,AA,BB,AA,AA,BB,NC,AA,BB,BB,AA,NC,BB,NC,-29.36170213
BB,AA,BB,BB,AB,BB,BB,NC,AA,AA,AA,BB,AA,AA,BB,NC,AA,BB,BB,AA,NC,BB,NC,11.9205298
BB,AA,BB,BB,AB,BB,BB,NC,AA,AA,AA,BB,AA,AA,BB,NC,AA,BB,BB,AA,NC,BB,NC,-56.16438356
BB,AA,BB,BB,AB,BB,BB,NC,AA,AA,AA,BB,AA,AA,BB,NC,AA,BB,BB,AA,NC,BB,NC,-50.95238095
BB,AA,BB,BB,AB,BB,BB,NC,AA,AA,AA,BB,AA,AA,BB,NC,AA,BB,BB,AA,NC,BB,NC,-18.90547264
BB,AA,BB,BB,AB,BB,BB,NC,AA,AA,AA,BB,AA,AA,BB,NC,AA,BB,BB,AA,NC,BB,NC,-60.52631579
BB,AA,BB,BB,AB,BB,BB,NC,AA,AA,AA,BB,AA,AA,BB,NC,AA,BB,BB,AA,NC,BB,NC,-53.19148936
BB,AA,BB,BB,AB,BB,BB,NC,AA,AA,AA,BB,AA,AA,BB,NC,AA,BB,BB,AA,NC,BB,NC,-30.98591549
BB,AA,BB,BB,AB,BB,BB,NC,AA,AA,AA,BB,AA,AA,BB,NC,AA,BB,BB,AA,NC,BB,NC,-33.5078534
BB,AA,BB,BB,AB,BB,BB,NC,AA,AA,AA,BB,AA,AA,BB,NC,AA,BB,AB,AA,NC,BB,NC,-35.16483516
BB,AA,BB,BB,AB,BB,BB,NC,AB,AA,AA,BB,AA,AA,BB,NC,AA,BB,BB,AA,NC,BB,NC,-36.17021277
BB,AA,BB,BB,AB,BB,BB,NC,AA,AA,AA,BB,AA,AA,BB,NC,AA,BB,BB,AA,NC,BB,NC,-38.21989529
BB,AA,BB,BB,AB,BB,BB,NC,AA,AA,AA,BB,AA,AA,BB,NC,AA,BB,BB,AA,NC,BB,NC,-0.877192982
BB,AA,BB,BB,AB,BB,BB,NC,AA,AA,AA,BB,AA,AA,BB,NC,AA,BB,BB,AA,NC,BB,NC,-27.37430168
BB,AA,BB,BB,AB,BB,BB,NC,AA,AA,AA,BB,AA,AA,BB,NC,AA,BB,BB,AA,NC,BB,NC,-25.92592593
BB,AA,BB,BB,AB,BB,BB,NC,AA,AA,AA,BB,AA,AA,BB,NC,AA,BB,BB,AA,NC,BB,NC,-38.79781421
BB,AA,BB,BB,AB,BB,AB,NC,AA,AA,AA,BB,AA,AA,BB,NC,AA,BB,BB,AA,NC,BB,NC,-73.03370787
BB,AA,BB,BB,AB,BB,BB,NC,AA,AA,AA,BB,AA,AA,BB,NC,AA,BB,BB,AA,NC,BB,NC,-45.56213018
BB,AA,BB,BB,AB,BB,BB,NC,AA,AA,AA,BB,AA,AA,BB,NC,AA,BB,BB,AA,NC,BB,NC,-48.7804878
BB,AA,BB,BB,AB,BB,BB,NC,AA,AA,AA,BB,AA,AA,BB,NC,AA,BB,BB,AA,NC,BB,NC,-32.89473684
BB,AA,BB,BB,AB,BB,BB,NC,AA,AA,AA,BB,AA,AA,BB,NC,AA,AB,BB,AA,NC,BB,NC,-56.23268698
BB,AA,BB,BB,AB,BB,BB,NC,AA,AA,AA,BB,AA,AA,BB,NC,AA,BB,BB,AA,NC,BB,NC,-52.5
BB,AA,BB,BB,AB,BB,BB,NC,AA,AA,AA,BB,AA,AA,BB,NC,AA,BB,BB,AA,NC,BB,NC,-35.07462687
BB,AA,BB,BB,AB,BB,BB,NC,AA,AA,AA,BB,AA,AA,AB,NC,AA,BB,BB,AA,NC,BB,NC,-38.7434555
BB,AA,BB,BB,AB,BB,BB,NC,AA,AA,AA,BB,AA,AA,BB,NC,AA,BB,BB,AA,NC,BB,NC,-48.68913858
BB,AA,BB,AB,AB,BB,BB,NC,AA,AA,AA,BB,AA,AA,BB,NC,AA,BB,BB,AB,NC,BB,NC,-41.99134199
BB,AA,BB,BB,AB,BB,BB,NC,AA,AA,AA,BB,AA,AA,BB,NC,AA,BB,AB,AA,NC,BB,NC,-11.67883212
BB,AA,BB,BB,AB,BB,BB,NC,AB,AA,AA,BB,AA,AA,BB,NC,AA,BB,BB,AA,NC,BB,NC,-0.67114094
BB,AA,BB,BB,AB,BB,BB,NC,AA,AA,AA,BB,AA,AA,BB,NC,AA,BB,BB,AA,NC,BB,NC,-41.71122995
BB,AA,BB,BB,AB,BB,BB,NC,AA,AA,AA,BB,AA,AA,BB,NC,AA,AB,BB,AA,NC,BB,NC,-47.54098361
BB,AA,BB,BB,AB,BB,BB,NC,AA,AA,AA,BB,AA,AA,BB,NC,AA,BB,BB,AA,NC,BB,NC,-54.74452555
BB,AA,BB,BB,AB,BB,BB,NC,AA,AA,AA,BB,AA,AA,BB,NC,AA,BB,BB,AA,NC,BB,NC,17.24137931
BB,AA,BB,BB,AB,BB,BB,NC,AA,AA,AA,BB,AA,AA,BB,NC,AA,BB,BB,AA,NC,BB,NC,-49.15254237
BB,AA,BB,BB,AB,BB,BB,NC,AA,AA,AA,BB,AA,AA,BB,NC,AA,BB,BB,AA,NC,BB,NC,-40.25157233
BB,AA,BB,BB,AB,BB,BB,NC,AA,AA,AA,BB,AA,AB,BB,NC,AA,BB,BB,AA,NC,BB,NC,-39.07103825
BB,AA,BB,BB,AB,BB,BB,NC,AA,AA,AA,BB,AA,AA,BB,NC,AA,BB,BB,AA,NC,BB,NC,-58.10810811
BB,AA,BB,BB,AB,BB,BB,NC,AA,AA,AA,BB,AA,AA,BB,NC,AA,BB,BB,AA,NC,BB,NC,-33.61702128
BB,AA,BB,BB,AB,BB,BB,NC,AA,AA,AA,BB,AA,AA,BB,NC,AA,BB,BB,AA,NC,BB,NC,-40.15151515
BB,AA,BB,BB,AB,BB,BB,NC,AB,AA,AA,BB,AA,AA,BB,NC,AA,BB,BB,AA,NC,BB,NC,-55.04885993
BB,AA,BB,BB,AB,BB,BB,NC,AA,AA,AA,BB,AA,AA,BB,NC,AA,BB,BB,AA,NC,BB,NC,-36.69064748
BB,AA,BB,BB,AB,BB,BB,NC,AA,AA,AA,BB,AA,AA,BB,NC,AA,BB,BB,AA,NC,BB,NC,-28.57142857
BB,AA,BB,BB,AB,BB,BB,NC,AA,AA,AA,BB,AA,AA,BB,NC,AA,BB,BB,AA,NC,AB,NC,-23.13432836
BB,AA,BB,BB,AB,BB,BB,NC,AA,AA,AA,BB,AA,AA,BB,NC,AA,BB,BB,AA,NC,BB,NC,-46.90265487
BB,AA,BB,BB,AB,BB,AB,NC,AA,AA,AA,BB,AA,AA,BB,NC,AA,BB,BB,AA,NC,BB,NC,-48.85245902
BB,AA,BB,BB,AB,BB,BB,NC,AA,AA,AA,BB,AA,AA,BB,NC,AA,BB,BB,AA,NC,BB,NC,-41.66666667
BB,AA,BB,BB,AB,BB,AB,NC,AA,AA,AA,BB,AA,AA,BB,NC,AA,BB,BB,AA,NC,BB,NC,-15.81920904
BB,AA,BB,BB,AB,BB,BB,NC,AA,AA,AA,BB,AA,AA,BB,NC,AA,BB,BB,AA,NC,BB,NC,-33.10344828
BB,AB,BB,BB,AB,BB,BB,NC,AB,AA,AA,BB,AA,AA,BB,NC,AA,BB,BB,AA,NC,BB,NC,-44.50867052
BB,AA,BB,BB,AB,BB,BB,NC,AA,AA,AA,BB,AA,AA,BB,NC,AA,BB,BB,AA,NC,BB,NC,-24.74226804
BB,AA,BB,BB,AB,BB,BB,NC,AA,AA,AA,BB,AA,AA,BB,NC,AA,BB,BB,AA,NC,BB,NC,-46.80851064
BB,AA,BB,BB,AB,BB,BB,NC,AA,AA,AA,BB,AA,AA,BB,NC,AA,BB,BB,AA,NC,BB,NC,-45.45454545
BB,AA,BB,BB,AB,BB,BB,NC,AA,AA,AA,BB,AA,AA,BB,NC,AA,BB,BB,AA,NC,BB,NC,-29.21348315
BB,AA,BB,BB,AB,BB,BB,NC,AA,AA,AA,BB,AA,AA,BB,NC,AA,BB,BB,AA,NC,BB,NC,-23.80952381
BB,AA,BB,BB,AB,BB,BB,NC,AA,AA,AA,BB,AA,AA,BB,NC,AA,BB,BB,AA,NC,BB,NC,-52.20883534
BB,AA,BB,BB,AB,BB,BB,NC,AA,AA,AA,BB,AA,AA,BB,NC,AA,BB,BB,AA,NC,AB,NC,-21.12676056
BB,AA,BB,BB,AB,BB,BB,NC,AA,AA,AA,BB,AA,AA,BB,NC,AA,BB,BB,AA,NC,BB,NC,-41.81818182
BB,AA,BB,BB,AB,BB,BB,NC,AA,AA,AA,BB,AA,AA,BB,NC,AA,BB,BB,AA,NC,BB,NC,-16.77018634
BB,AA,BB,BB,AB,BB,BB,NC,AA,AA,AA,BB,AA,AA,BB,NC,AA,BB,BB,AA,NC,BB,NC,-45.88235294
BB,AA,BB,BB,AB,BB,BB,NC,AA,AA,AA,BB,AA,AA,BB,NC,AA,BB,BB,AA,NC,BB,NC,-27.10280374
BB,AA,BB,BB,AB,BB,BB,NC,AA,AA,AA,BB,AA,AA,BB,NC,AA,BB,BB,AA,NC,BB,NC,-19.63190184
BB,AA,BB,BB,AB,BB,BB,NC,AA,AA,AA,BB,AA,AA,BB,NC,AA,BB,BB,AA,NC,BB,NC,-15.58441558
BB,AA,BB,BB,AB,BB,BB,NC,AA,AA,AA,BB,AA,AA,BB,NC,AA,BB,BB,AA,NC,BB,NC,68.33333333
BB,AA,BB,BB,AB,BB,BB,NC,AA,AA,AA,BB,AA,AA,BB,NC,AA,BB,BB,AA,NC,BB,NC,-7.558139535
BB,AA,BB,BB,AB,BB,BB,NC,AA,AA,AA,BB,AA,AA,BB,NC,AA,BB,BB,AA,NC,BB,NC,-12.8
BB,AA,BB,BB,AB,BB,BB,NC,AA,AA,AA,BB,AA,AA,BB,NC,AA,BB,BB,AA,NC,BB,NC,-58.5
BB,AA,BB,BB,AB,BB,BB,NC,AA,AA,AA,BB,AA,AA,BB,NC,AA,BB,BB,AA,NC,BB,NC,-42.95774648
BB,AA,BB,BB,AB,BB,BB,NC,AA,AA,AA,BB,AA,AA,BB,NC,AA,BB,BB,AA,NC,BB,NC,-27.38095238
BB,AA,NC,BB,AB,BB,BB,NC,AA,AA,AA,BB,AA,AA,BB,NC,AA,BB,BB,AA,NC,BB,NC,-18.03278689
BB,AA,BB,BB,AB,BB,BB,NC,AA,AA,AA,BB,AA,AA,BB,NC,AA,BB,BB,AA,NC,BB,NC,-33.33333333
BB,AA,BB,BB,AB,BB,BB,NC,AA,AA,AA,BB,AA,AA,BB,NC,AA,BB,BB,AA,NC,BB,NC,-22.5
BB,AA,BB,BB,AB,BB,BB,NC,AA,AA,AA,BB,AA,AA,BB,NC,AA,BB,BB,AA,NC,BB,NC,-43.38624339
BB,AA,BB,BB,AB,BB,BB,NC,AA,AA,AA,BB,AA,AA,BB,NC,AA,BB,BB,AA,NC,BB,NC,-41.71779141
BB,AA,BB,BB,AB,BB,BB,NC,AA,AA,AA,BB,AA,AA,BB,NC,AA,BB,BB,AA,NC,BB,NC,-63.00813008
BB,AA,BB,BB,AB,BB,BB,NC,AA,AA,AA,BB,AA,AA,BB,NC,AA,BB,BB,AA,NC,BB,NC,-47.82608696
BB,AA,BB,BB,AB,BB,BB,NC,AA,AA,AA,BB,AA,AA,BB,NC,AA,BB,BB,AA,NC,BB,NC,-20.12195122
BB,AA,BB,BB,AB,BB,BB,NC,AA,AA,AA,BB,AA,AA,BB,NC,AA,BB,BB,AA,NC,BB,NC,-55.49450549
BB,AA,BB,BB,AB,BB,BB,NC,AA,AA,AA,BB,AA,AA,BB,NC,AA,BB,BB,AA,NC,BB,NC,-4.761904762
BB,AA,BB,BB,AB,BB,BB,NC,AA,AA,AA,BB,AA,AA,BB,NC,AA,BB,BB,AA,NC,BB,NC,-47.36842105
BB,AA,BB,AB,AB,BB,BB,NC,AA,AA,AA,BB,AA,AA,BB,NC,AA,BB,BB,AB,NC,BB,NC,-45.81005587
BB,AA,BB,BB,AB,BB,BB,NC,AA,AA,AA,BB,AA,AA,BB,NC,AA,BB,BB,AA,NC,BB,NC,-36.56716418
BB,AA,BB,BB,AB,BB,BB,NC,AA,AB,AA,BB,AA,AA,BB,NC,AA,BB,BB,AA,NC,BB,NC,-49.71751412
BB,AA,BB,BB,AB,BB,BB,NC,AA,AA,AA,BB,AA,AA,BB,NC,AA,BB,BB,AA,NC,BB,NC,-39.62264151
BB,AA,BB,BB,AB,BB,BB,NC,AA,AA,AA,BB,AA,AA,BB,NC,AA,BB,BB,AA,NC,BB,NC,-51.56950673
BB,AA,BB,AB,AB,BB,BB,NC,AA,AA,AA,BB,AA,AA,BB,NC,AA,BB,BB,AB,NC,BB,NC,-36.36363636
BB,AA,BB,BB,AB,BB,BB,NC,AA,AA,AA,BB,AA,AA,BB,NC,AA,BB,BB,AA,NC,BB,NC,-42.76315789
BB,AA,BB,BB,AB,BB,BB,NC,AB,AA,AA,BB,AA,AA,BB,NC,AA,BB,BB,AA,NC,BB,NC,-9.248554913
BB,AA,BB,BB,AB,BB,BB,NC,AA,AA,AA,BB,AA,AA,BB,NC,AA,BB,BB,AA,NC,BB,NC,-55.98290598
BB,AA,BB,BB,AB,BB,BB,NC,AA,AA,AA,BB,AA,AA,BB,NC,AA,BB,BB,AA,NC,BB,NC,-46.40151515
BB,AA,BB,BB,AB,BB,BB,NC,AA,AA,AA,BB,AA,AA,BB,NC,AA,BB,BB,AA,NC,BB,NC,-56.58362989
BB,AA,BB,BB,AB,BB,BB,NC,AA,AA,AA,BB,AA,AA,BB,NC,AA,BB,BB,AA,NC,BB,NC,-67.03601108
BB,AA,BB,BB,AB,BB,BB,NC,AA,AA,AA,BB,AA,AA,BB,NC,AA,BB,BB,AA,NC,BB,NC,-29.19254658
BB,AA,BB,BB,AB,BB,BB,NC,AA,AA,AA,BB,AA,AA,BB,NC,AA,BB,BB,AA,NC,BB,NC,-15.83333333
BB,AA,BB,BB,AB,BB,BB,NC,AA,AB,AA,BB,AA,AA,BB,NC,AA,BB,NC,AA,NC,BB,NC,-34.35114504
BB,AA,BB,BB,AB,BB,BB,NC,AA,AA,AA,BB,AA,AA,BB,NC,AA,BB,BB,AA,NC,BB,NC,-48.58757062
BB,AA,BB,BB,AB,BB,BB,NC,AA,AA,AA,BB,AA,AB,BB,NC,AA,BB,BB,AA,NC,BB,NC,-40.55944056
BB,AA,BB,BB,AB,BB,BB,NC,AA,AA,AA,BB,AA,AA,BB,NC,AA,BB,BB,AA,NC,BB,NC,-23.07692308
BB,AA,BB,BB,AB,BB,BB,NC,AA,AA,AA,BB,AA,AA,BB,NC,AA,BB,BB,AA,NC,BB,NC,-32.29166667
BB,AA,BB,BB,AB,BB,BB,NC,AA,AA,AA,BB,AA,AA,BB,NC,AA,BB,BB,AA,NC,BB,NC,-22.77227723
BB,AA,BB,BB,AB,BB,BB,NC,AA,AA,AA,BB,AA,AA,BB,NC,AA,BB,BB,AA,NC,BB,NC,-31.03448276
BB,AA,BB,BB,AB,BB,AB,NC,AA,AA,AA,BB,AA,AA,BB,NC,AA,BB,BB,AA,NC,BB,NC,2.325581395
BB,AA,BB,BB,AB,BB,BB,NC,AA,AA,AA,BB,AA,AA,BB,NC,AA,BB,BB,AA,NC,BB,NC,0.571428571
BB,AA,BB,BB,AB,BB,BB,NC,AA,AA,AA,BB,AA,AA,BB,NC,AA,BB,BB,AA,NC,BB,NC,-9.523809524
BB,AA,BB,BB,AB,BB,BB,NC,AA,AA,AA,BB,AA,AA,BB,NC,AA,BB,AB,AA,NC,BB,NC,-25.67567568
BB,AA,BB,BB,AB,BB,BB,NC,AA,AA,AA,BB,AA,AA,BB,NC,AA,BB,BB,AA,NC,BB,NC,-56.19834711
BB,AA,BB,BB,AB,AB,BB,NC,AA,AA,AA,BB,AA,AA,BB,NC,AA,BB,BB,AA,NC,AB,NC,-49.72527473
BB,AA,BB,BB,AB,BB,BB,NC,AA,AA,AA,BB,AA,AA,BB,NC,AA,BB,BB,AA,NC,BB,NC,-19.8630137
BB,AA,BB,BB,AB,BB,BB,NC,AA,AA,AA,BB,AA,AA,BB,NC,AA,BB,BB,AA,NC,BB,NC,-20.0
BB,AA,BB,BB,AB,BB,BB,NC,AA,AA,AA,BB,AA,AA,BB,NC,AA,BB,BB,AA,NC,BB,NC,-39.13043478
BB,AA,BB,BB,AB,BB,BB,NC,AA,AA,AA,BB,AA,AA,AB,NC,AA,NC,BB,AA,NC,BB,NC,-29.19708029
BB,AA,BB,BB,AB,BB,BB,NC,AA,AA,AA,BB,AA,AA,BB,NC,AA,BB,BB,AA,NC,BB,NC,-24.08376963
BB,AA,BB,BB,AB,BB,BB,NC,AA,AA,AA,BB,AA,AA,BB,NC,AA,BB,BB,AA,NC,BB,NC,-39.92248062
BB,AA,BB,BB,AB,BB,BB,NC,AA,AB,NC,BB,AA,AA,BB,NC,AA,BB,BB,AA,NC,BB,NC,-36.07142857
BB,AA,BB,BB,AB,BB,BB,NC,AA,AA,AA,BB,AA,AA,BB,NC,AA,BB,BB,AA,NC,BB,NC,-22.99465241
BB,AA,BB,BB,AB,BB,BB,NC,AA,AA,AA,BB,AA,AA,BB,NC,AA,BB,BB,AA,NC,BB,NC,-30.72625698
BB,AA,BB,BB,AB,BB,BB,NC,AA,AA,AA,BB,AA,AA,BB,NC,AA,BB,BB,AA,NC,BB,NC,-31.51515152
BB,AA,BB,BB,AB,BB,BB,NC,AB,AA,AA,BB,AA,AA,BB,NC,AA,BB,BB,AA,NC,BB,NC,-36.86440678
BB,AA,BB,BB,AB,BB,BB,NC,AA,AA,AA,BB,AA,AA,BB,NC,AA,BB,BB,AA,NC,BB,NC,-15.92356688
BB,AA,BB,BB,AB,BB,BB,NC,AA,AA,AA,BB,AA,AA,BB,NC,AA,BB,BB,AA,NC,BB,NC,-21.58273381
BB,AA,BB,BB,AB,BB,BB,NC,AA,AA,AA,BB,AA,AA,BB,NC,AA,BB,BB,AA,NC,BB,NC,-0.625
BB,AA,BB,BB,AB,BB,BB,NC,AA,AA,AA,BB,AA,AA,BB,NC,AA,BB,BB,AA,NC,BB,NC,-6.52173913
BB,AA,BB,BB,AB,BB,BB,NC,AA,AA,AA,BB,AA,AA,BB,NC,AA,BB,BB,AA,NC,BB,NC,-28.81355932
BB,AA,BB,BB,AB,BB,BB,NC,AA,AA,AA,BB,AA,AA,BB,NC,AA,BB,BB,AA,NC,BB,NC,-53.73134328
BB,AA,BB,BB,AB,BB,BB,NC,AA,AA,AA,BB,AA,AA,BB,NC,AA,BB,BB,AA,NC,BB,NC,-36.70212766
BB,AA,BB,BB,AB,BB,BB,NC,AA,AA,AA,BB,AA,AA,BB,NC,AA,BB,BB,AA,NC,BB,NC,-47.34513274
BB,AA,BB,BB,AB,BB,BB,NC,AA,AA,AA,BB,AA,AA,BB,NC,AA,BB,BB,AA,NC,BB,NC,-25.74850299
BB,AA,BB,BB,AB,BB,BB,NC,AA,AA,AA,BB,AA,AA,BB,NC,AA,BB,BB,AA,NC,BB,NC,-13.10861423
BB,AA,BB,BB,AB,BB,BB,NC,AB,AA,AA,BB,AA,AA,BB,NC,AA,BB,BB,AA,NC,BB,NC,-47.01492537
BB,AA,BB,BB,AB,BB,BB,NC,AA,AA,AA,BB,AA,AA,BB,NC,AA,BB,AB,AA,NC,BB,NC,-44.11764706
BB,AA,BB,BB,AB,BB,BB,NC,AA,AA,AA,BB,AA,AA,BB,NC,AA,BB,BB,AA,NC,BB,NC,-34.14634146
BB,AA,BB,BB,AB,BB,BB,NC,AA,AA,AA,BB,AA,AA,BB,NC,AA,BB,BB,AA,NC,BB,NC,-51.83246073
BB,AA,BB,BB,NC,BB,BB,NC,AA,AA,AA,BB,AA,AA,BB,NC,AA,BB,BB,AA,NC,BB,NC,-61.97183099
BB,AA,BB,BB,AB,BB,BB,NC,AA,AA,AA,BB,AA,AA,BB,NC,AA,BB,BB,AA,NC,BB,NC,-17.5257732
AB,AA,BB,BB,AB,BB,BB,NC,AA,AA,AA,BB,AA,AA,BB,NC,AA,BB,BB,AA,NC,BB,NC,-38.31775701
BB,AA,BB,BB,AB,BB,BB,NC,AA,AA,AA,BB,AA,AA,BB,NC,AA,BB,BB,AA,NC,BB,NC,-47.02702703
BB,AA,BB,BB,AB,BB,BB,NC,AA,AA,AA,BB,AA,AA,BB,NC,AA,BB,BB,AA,NC,BB,NC,-9.401709402
BB,AA,BB,BB,AB,BB,BB,NC,AA,AA,AA,BB,AA,AA,BB,NC,AA,BB,BB,AA,NC,BB,NC,-26.11111111
BB,AA,BB,BB,AB,BB,BB,NC,AA,AA,AA,BB,AA,AA,BB,NC,AA,BB,BB,AA,NC,BB,NC,-49.45652174
BB,AA,BB,BB,AB,BB,BB,NC,AA,AB,AA,BB,AA,AA,BB,NC,AA,BB,AB,AA,NC,BB,NC,-32.3699422
BB,AA,BB,BB,AB,BB,BB,NC,AA,AA,AA,BB,AA,AA,BB,NC,AA,BB,BB,AA,NC,BB,NC,-46.15384615
BB,AA,BB,BB,AB,BB,BB,NC,AA,AA,AA,BB,NC,AA,BB,NC,AA,BB,BB,AA,NC,BB,NC,-30.43478261
AB,AA,BB,BB,AB,BB,BB,NC,AA,AA,AA,BB,AA,AA,BB,NC,AA,BB,BB,AA,NC,BB,NC,-25.59726962
BB,AA,BB,BB,NC,BB,BB,NC,AA,AA,AA,BB,AA,AA,BB,NC,AA,BB,BB,AA,NC,BB,NC,-36.64122137
BB,AA,BB,BB,AB,BB,BB,NC,AA,AA,AA,BB,AA,AA,BB,NC,AA,BB,BB,AA,NC,BB,NC,-42.05128205
BB,AA,BB,AB,AB,BB,BB,NC,AA,AA,AA,BB,AA,AA,BB,NC,AA,BB,BB,AB,NC,BB,NC,-33.57664234
BB,AA,BB,BB,AB,BB,BB,NC,AA,AA,AA,BB,AA,AA,BB,NC,AA,BB,BB,AA,NC,BB,NC,-38.88888889
BB,AA,BB,BB,AB,BB,BB,NC,AA,AA,AA,BB,AA,AA,BB,NC,AA,BB,BB,AA,NC,BB,NC,-36.84210526
BB,AA,BB,AB,AB,BB,BB,NC,AA,AA,AA,BB,AA,AA,BB,NC,AA,BB,BB,AB,NC,BB,NC,-5.714285714
BB,AA,BB,BB,AB,BB,BB,NC,AA,AA,AA,BB,AA,AA,BB,NC,AA,BB,BB,AA,NC,BB,NC,-30.06134969
BB,AA,BB,BB,AB,BB,BB,NC,AA,AA,AA,BB,AA,AA,BB,NC,AA,BB,BB,AA,NC,BB,NC,-52.22222222
BB,AA,BB,BB,AB,BB,BB,NC,AA,AA,AA,BB,AA,AA,BB,NC,AA,BB,BB,AA,NC,BB,NC,-26.71755725
BB,AA,BB,BB,AB,BB,BB,NC,AA,AA,AA,BB,AA,AA,BB,NC,AA,BB,BB,AA,NC,BB,NC,-19.04761905
BB,AA,BB,BB,AB,BB,BB,NC,AA,AA,AA,BB,AA,AA,BB,NC,AA,BB,BB,AA,NC,BB,NC,-48.31460674
BB,AA,BB,BB,AB,BB,BB,NC,AA,AA,AA,BB,AA,AA,BB,NC,AA,BB,BB,AA,NC,BB,NC,-27.87878788
BB,AA,BB,BB,AB,BB,BB,NC,AA,AA,AA,BB,AA,AA,BB,NC,AA,BB,BB,AA,NC,BB,NC,-25.0
BB,AA,BB,BB,AB,BB,BB,NC,AA,AA,AA,BB,AA,AA,BB,NC,AA,BB,BB,AA,NC,BB,NC,-41.50943396
BB,AA,BB,BB,AB,BB,BB,NC,AA,AA,AA,BB,AA,AA,BB,NC,AA,BB,BB,AA,NC,BB,NC,-53.84615385
BB,AA,BB,AB,AB,BB,BB,NC,AA,AA,AA,BB,AA,AA,BB,NC,AA,BB,BB,AB,NC,BB,NC,-41.31147541
BB,AA,BB,BB,AB,BB,BB,NC,AA,AA,AA,BB,AA,AA,BB,NC,AA,BB,BB,AA,NC,BB,NC,-45.45454545
BB,AA,BB,BB,AB,BB,BB,NC,AA,AA,AA,BB,AA,AA,BB,NC,AA,BB,BB,AA,NC,BB,NC,-5.511811024
BB,AA,BB,BB,AB,BB,BB,NC,AA,AA,AA,BB,AA,AA,BB,NC,AA,BB,BB,AA,NC,BB,NC,-45.03816794
BB,AA,BB,BB,AB,BB,BB,NC,AA,AA,AA,BB,AA,AA,BB,NC,AA,BB,BB,AA,NC,BB,NC,-44.53125
BB,AA,BB,BB,AB,BB,BB,NC,AA,AA,AA,BB,AA,AA,BB,NC,AA,BB,BB,AA,NC,BB,NC,-7.643312102
BB,AA,BB,BB,AB,BB,BB,NC,AA,AA,AA,BB,AA,AA,BB,NC,AA,BB,BB,AA,NC,BB,NC,-41.63424125
BB,AA,BB,BB,AB,AB,BB,NC,AA,AA,AA,BB,AA,AA,BB,NC,AA,BB,BB,AA,NC,BB,NC,-38.41059603
BB,AA,BB,BB,AB,BB,AB,NC,AA,AA,AA,BB,AA,AA,BB,NC,AA,BB,BB,AA,NC,BB,NC,-34.84848485
BB,AA,BB,BB,AB,BB,BB,NC,AA,AA,AA,BB,AA,AA,BB,NC,AA,BB,BB,AA,NC,BB,NC,-52.42718447
BB,AA,BB,BB,AB,BB,BB,NC,AA,AA,AA,BB,AA,AA,BB,NC,AA,BB,BB,AA,NC,BB,NC,-44.09448819
BB,AA,BB,BB,AB,BB,BB,NC,AA,AA,AA,BB,AA,AA,BB,NC,AA,BB,BB,AA,NC,BB,NC,-7.96460177
BB,AA,BB,BB,AB,BB,BB,NC,AA,AA,AA,BB,AA,AA,BB,NC,AA,BB,BB,AA,NC,BB,NC,-42.94871795
BB,AA,BB,BB,AB,BB,BB,NC,AB,AA,AA,BB,AA,AA,BB,NC,AA,BB,BB,AA,NC,BB,NC,-49.26829268
BB,AA,BB,BB,AB,BB,BB,NC,AA,AA,AA,BB,AA,AA,BB,NC,AA,BB,BB,AA,NC,BB,NC,-38.98916968
BB,AA,BB,BB,AB,BB,BB,NC,AA,AA,AA,BB,AA,AA,BB,NC,AA,BB,AB,AA,NC,BB,NC,-36.23188406
BB,AA,NC,BB,AB,BB,BB,NC,AA,AA,AA,BB,AA,AA,BB,NC,AA,BB,BB,AA,NC,BB,NC,-47.50957854
BB,AA,BB,BB,AB,BB,BB,NC,AA,AA,AA,BB,AA,AA,BB,NC,AA,BB,BB,AA,NC,BB,NC,-25.0
BB,AA,BB,BB,AB,BB,BB,NC,AA,AA,AA,BB,AA,AB,BB,NC,AA,BB,BB,AA,NC,BB,NC,-19.0
BB,AA,BB,BB,AB,BB,AB,NC,AA,AA,AA,BB,AA,AA,BB,NC,AA,BB,BB,AA,NC,BB,NC,-37.5
BB,AA,BB,AB,AB,BB,AB,NC,AA,AA,AA,BB,AA,AA,BB,NC,AA,BB,BB,AB,NC,BB,NC,5.673758865
BB,AA,BB,BB,AB,BB,BB,NC,AA,AA,AA,BB,AA,AA,BB,NC,AA,BB,BB,AA,NC,BB,NC,-54.5112782
BB,AA,BB,BB,AB,BB,BB,NC,AA,AA,AA,BB,AA,AA,BB,NC,AA,BB,BB,AA,NC,BB,NC,-34.74576271
BB,AA,BB,BB,AB,BB,BB,NC,AA,AA,AA,BB,AA,AA,BB,NC,AA,BB,BB,AA,NC,BB,NC,73.65269461
BB,AA,BB,BB,AB,BB,BB,NC,AA,AA,AA,BB,AA,AA,BB,NC,AA,BB,BB,AA,NC,BB,NC,-45.02923977
BB,AA,BB,BB,AB,BB,BB,NC,AA,AA,AA,BB,AA,AA,BB,NC,AA,BB,AB,AA,NC,BB,NC,-57.46606335
BB,AA,BB,BB,AB,BB,BB,NC,AA,AA,AA,BB,AA,AA,BB,NC,AA,BB,BB,AA,NC,BB,NC,-33.68421053
BB,AA,BB,BB,AB,BB,BB,NC,AA,AA,AA,BB,AA,AA,BB,NC,AA,BB,BB,AA,NC,BB,NC,-46.63212435
BB,AA,BB,BB,AB,BB,BB,NC,AA,AA,AA,BB,AA,AA,BB,NC,AA,BB,BB,AA,NC,BB,NC,-42.74193548
BB,AA,BB,BB,AB,BB,BB,NC,AA,AA,AA,BB,AA,AA,BB,NC,AA,BB,BB,AA,NC,BB,NC,-18.53932584
BB,AA,BB,BB,AB,BB,AB,NC,AA,AA,AA,BB,AA,AA,AB,NC,AA,BB,BB,AA,NC,BB,NC,-29.87804878
BB,AA,BB,BB,AB,BB,BB,NC,AA,AA,AA,BB,AA,AA,BB,NC,AA,BB,BB,AA,NC,BB,NC,-36.68224299
BB,AA,BB,BB,AB,BB,BB,NC,AA,AA,AA,BB,AA,AA,BB,NC,AA,BB,BB,AA,NC,BB,NC,23.15789474
BB,AA,BB,BB,AB,BB,BB,NC,AA,AA,AA,BB,AA,AA,BB,NC,AA,BB,BB,AA,NC,BB,NC,-21.05263158
BB,AA,BB,BB,AB,BB,BB,NC,AA,AA,AA,BB,AA,AA,BB,NC,AA,BB,BB,AA,NC,BB,NC,-44.04145078
BB,AA,BB,BB,AB,BB,BB,NC,AA,AA,AA,BB,AA,AA,BB,NC,AA,BB,BB,AA,NC,BB,NC,-40.34090909
BB,AA,BB,BB,AB,BB,BB,NC,AA,AA,AA,BB,AA,AA,BB,NC,AA,BB,BB,AA,NC,BB,NC,-54.58515284
BB,AA,BB,BB,AB,BB,BB,NC,AA,AA,AA,BB,AA,AB,BB,NC,AA,BB,BB,AA,NC,BB,NC,-50.43478261
BB,AA,BB,BB,AB,BB,BB,NC,AA,AA,AA,BB,AA,AA,BB,NC,AA,BB,BB,AA,NC,BB,NC,-28.66666667
BB,AA,BB,BB,AB,BB,BB,NC,AA,AA,AA,BB,AA,AA,BB,NC,AA,BB,BB,AA,NC,BB,NC,-28.26086957
BB,AA,BB,BB,AB,BB,BB,NC,AA,AA,AA,BB,AA,AA,BB,NC,AA,BB,BB,AA,NC,BB,NC,-27.13567839
BB,AA,BB,BB,AB,BB,BB,NC,AA,AA,AA,BB,AA,AA,BB,NC,AA,BB,BB,AA,NC,BB,NC,-41.07142857
BB,AA,BB,BB,AB,BB,BB,NC,AA,AA,AA,BB,AA,AA,BB,NC,AA,BB,BB,AA,NC,BB,NC,-15.94202899
BB,AA,BB,BB,AB,BB,BB,NC,AA,AA,AA,BB,AA,AA,BB,NC,AA,BB,BB,AA,NC,BB,NC,-37.56906077
BB,AA,BB,BB,AB,BB,BB,NC,AA,AA,AA,BB,AA,AA,BB,NC,AA,BB,BB,AA,NC,BB,NC,-20.87378641
BB,AA,BB,BB,AB,BB,BB,NC,AA,AA,AA,BB,AA,AA,BB,NC,AA,BB,BB,AA,NC,BB,NC,-28.18791946
BB,AA,BB,BB,AB,BB,BB,NC,AA,AA,AA,BB,AA,AA,BB,NC,AA,BB,BB,AA,NC,BB,NC,-49.67741935
BB,AA,BB,BB,AB,BB,BB,NC,AA,AA,AA,BB,AA,AA,BB,NC,AA,BB,BB,AA,NC,BB,NC,-14.28571429
BB,AA,BB,BB,AB,BB,BB,NC,AA,AA,AA,BB,AA,AA,BB,NC,AA,BB,BB,AA,NC,BB,NC,-4.166666667
BB,AA,BB,BB,AB,BB,BB,NC,AA,AA,AA,BB,AA,AA,BB,NC,AA,BB,BB,AA,NC,BB,NC,-32.63888889
BB,AA,BB,BB,AB,BB,BB,NC,AA,AA,AA,BB,AA,AA,BB,NC,AA,BB,BB,AA,NC,BB,NC,-47.43589744
BB,AA,BB,BB,AB,BB,BB,NC,AA,AA,AA,BB,AA,AA,BB,NC,AA,BB,BB,AA,NC,BB,NC,-37.22943723
BB,AA,BB,AB,AB,BB,BB,NC,AA,AA,AA,BB,AA,AA,BB,NC,AA,BB,BB,AB,NC,AB,NC,-37.27810651
BB,AA,BB,BB,AB,BB,AB,NC,AA,AA,AA,BB,AA,AA,BB,NC,AA,BB,BB,AA,NC,BB,NC,-43.31550802
BB,AA,BB,BB,AB,BB,BB,NC,AA,AB,AA,BB,AA,AA,BB,NC,AA,BB,BB,AA,NC,BB,NC,-53.76884422
BB,AA,BB,AB,AB,BB,BB,NC,AA,AA,AA,BB,AA,AA,BB,NC,AA,BB,BB,AB,NC,BB,NC,39.2
BB,AA,BB,BB,AB,BB,BB,NC,AA,AA,AA,BB,AA,AA,BB,NC,AA,BB,BB,AA,NC,BB,NC,-34.22222222
BB,AA,BB,BB,AB,BB,BB,NC,AA,AA,AA,BB,AA,AA,BB,NC,AA,BB,BB,AA,NC,BB,NC,-27.63157895
BB,AA,BB,BB,AB,BB,BB,NC,AB,AA,AA,BB,AA,AA,BB,NC,AA,BB,BB,AA,NC,BB,NC,-57.24137931
BB,AA,BB,BB,AB,BB,BB,NC,AA,AA,AA,BB,AA,AA,BB,NC,AA,BB,BB,AA,NC,BB,NC,-4.812834225
BB,AA,BB,BB,AB,BB,AB,NC,AA,AA,AA,BB,AA,AA,BB,NC,AA,BB,BB,AA,NC,BB,NC,-43.93063584
BB,AA,BB,BB,AB,BB,BB,NC,AA,AA,AA,BB,AA,AB,BB,NC,AA,BB,BB,AA,NC,BB,NC,-41.8079096
BB,AA,BB,BB,AB,BB,BB,NC,AA,AA,AA,BB,AA,AA,BB,NC,AA,BB,BB,AA,NC,BB,NC,-27.63157895
BB,AA,BB,BB,AB,BB,BB,NC,AA,AA,AA,BB,AA,AA,BB,NC,AA,BB,BB,AA,NC,BB,NC,-0.881057269
BB,AA,BB,BB,AB,BB,BB,NC,AA,AA,AA,BB,AA,AA,AB,NC,AA,BB,BB,AA,NC,BB,NC,-27.81065089
BB,AA,BB,BB,AB,BB,BB,NC,AA,AA,AA,BB,AA,AA,BB,NC,AA,BB,BB,AA,NC,BB,NC,-47.54901961
BB,AA,BB,BB,AB,BB,BB,NC,AB,AA,AA,BB,AA,AA,BB,NC,AA,BB,BB,AA,NC,BB,NC,-42.65402844
BB,AA,BB,BB,AB,BB,BB,NC,AA,AA,AA,BB,AA,AA,BB,NC,AA,BB,BB,AA,NC,BB,NC,-46.875
BB,AA,BB,BB,AB,BB,BB,NC,AA,AA,AA,BB,AA,AA,BB,NC,AA,BB,BB,AA,NC,BB,NC,-16.09195402
BB,AA,BB,BB,AB,BB,BB,NC,AA,AA,AA,BB,AA,AA,BB,NC,AA,BB,BB,AA,NC,BB,NC,-53.0726257
BB,AA,BB,BB,AB,BB,BB,NC,AA,AA,AA,BB,AA,AA,BB,NC,AA,BB,BB,AA,NC,BB,NC,-21.15384615
BB,AA,BB,BB,AB,BB,BB,NC,AA,AA,AA,BB,AA,AA,BB,NC,AA,BB,BB,AA,NC,BB,NC,-36.91460055
BB,AA,BB,BB,AB,BB,BB,NC,AA,AA,AA,BB,AA,AA,BB,NC,AA,BB,BB,AA,NC,BB,NC,-11.6751269
BB,AA,BB,BB,AB,BB,BB,NC,AA,AA,AA,BB,AA,AA,BB,NC,AA,BB,BB,AA,NC,BB,NC,-28.15533981
BB,AA,BB,BB,AB,BB,BB,NC,AA,AA,AA,BB,AA,AA,BB,NC,AA,BB,AB,AA,NC,BB,NC,-36.30136986
BB,AA,BB,AB,AB,BB,BB,NC,AA,AA,AA,BB,AA,AA,BB,NC,AA,BB,BB,AB,NC,BB,NC,-55.26315789
BB,AA,BB,BB,AB,BB,BB,NC,AB,AA,AA,BB,AA,AA,BB,NC,AA,BB,BB,AA,NC,BB,NC,-25.11627907
BB,AA,BB,BB,AB,BB,BB,NC,AA,AA,AA,BB,AA,AA,BB,NC,AA,BB,BB,AA,NC,BB,NC,-50.81967213
BB,AA,BB,BB,AB,BB,BB,NC,AA,AA,AA,BB,AA,AA,BB,NC,AA,BB,BB,AA,NC,BB,NC,-19.40298507
BB,AA,BB,BB,AB,BB,BB,NC,AA,AA,AA,BB,AA,AA,BB,NC,AA,BB,BB,AA,NC,BB,NC,-40.14084507
BB,AA,BB,BB,AB,BB,BB,NC,AA,AA,AA,BB,AA,AA,BB,NC,AA,BB,BB,AA,NC,BB,NC,-38.75968992
BB,AA,BB,BB,AB,BB,BB,NC,AA,AA,AA,BB,AA,AA,BB,NC,AA,BB,BB,AA,NC,BB,NC,-16.98113208
BB,AA,BB,BB,AB,BB,BB,NC,AA,AA,AA,BB,AA,AA,BB,NC,AA,BB,BB,AA,NC,BB,NC,-45.80645161
BB,AA,BB,BB,AB,BB,BB,NC,AA,AA,AA,BB,AA,AA,BB,NC,AA,BB,BB,AA,NC,BB,NC,-49.10179641
BB,AA,BB,BB,AB,BB,BB,NC,AA,AA,AA,BB,AA,AA,BB,NC,AA,BB,BB,AA,NC,BB,NC,-21.57894737
BB,AA,BB,BB,AB,BB,BB,NC,AA,AA,AA,BB,AA,AA,AB,NC,AA,BB,BB,AA,NC,AB,NC,-43.72294372
BB,AA,BB,BB,AB,BB,BB,NC,AA,AA,AA,BB,AA,AA,BB,NC,AA,BB,BB,AA,NC,BB,NC,-35.79335793
BB,AA,BB,BB,AB,BB,BB,NC,AA,AA,AA,BB,AA,AA,BB,NC,AA,BB,BB,AA,NC,BB,NC,-14.0
BB,AA,BB,BB,AB,BB,AB,NC,AA,AA,AA,BB,AA,AA,BB,NC,AA,BB,BB,AA,NC,BB,NC,-41.80327869
BB,AA,BB,BB,AB,BB,BB,NC,AA,AA,AA,BB,AA,AA,BB,NC,AA,BB,BB,AA,NC,BB,NC,-41.7218543
BB,AA,BB,BB,AB,BB,BB,NC,AA,AA,AA,BB,AA,AA,BB,NC,AA,BB,BB,AA,NC,BB,NC,-39.9103139
BB,AA,BB,BB,AB,BB,BB,NC,AA,AA,AA,BB,AA,AA,BB,NC,AA,BB,BB,AA,NC,BB,NC,-0.925925926
BB,AA,BB,BB,AB,BB,BB,NC,AA,AA,AA,BB,AA,AA,BB,NC,AA,BB,AB,AA,NC,BB,NC,22.22222222
BB,AA,BB,AB,AB,BB,BB,NC,AA,AA,AA,BB,AA,AA,BB,NC,AA,BB,BB,AB,NC,BB,NC,-26.74418605
BB,AA,BB,BB,AB,BB,BB,NC,AA,AA,AA,BB,AA,AA,BB,NC,AA,BB,BB,AA,NC,BB,NC,-64.0
BB,AA,BB,BB,AB,BB,BB,NC,AA,AA,AA,BB,AA,AA,BB,NC,AA,BB,BB,AA,NC,BB,NC,-50.97402597
BB,AA,BB,BB,AB,BB,BB,NC,AA,AA,AA,BB,AA,AA,BB,NC,AA,BB,BB,AA,NC,BB,NC,-56.83060109
BB,AA,BB,BB,AB,BB,BB,NC,AB,AA,AA,BB,AA,AA,BB,NC,AA,BB,BB,AA,NC,BB,NC,-38.07106599
BB,AA,BB,BB,AB,BB,BB,NC,AA,AA,AA,BB,AA,AA,BB,NC,AA,BB,BB,AA,NC,BB,NC,2.112676056
BB,AA,BB,BB,AB,BB,BB,NC,AA,AA,AA,BB,AA,AA,BB,NC,AA,BB,BB,AA,NC,BB,NC,0.0
BB,AA,BB,BB,AB,BB,BB,NC,AA,AA,AA,BB,AA,AA,BB,NC,AA,AB,BB,AA,NC,BB,NC,-51.47928994
BB,AA,BB,BB,AB,BB,BB,NC,AA,AA,AA,BB,AA,AA,BB,NC,AA,BB,BB,AA,NC,BB,NC,-47.08994709
BB,AA,BB,BB,AB,BB,BB,NC,AA,AA,AA,BB,AA,AA,BB,NC,AA,BB,BB,AA,NC,BB,NC,-32.88288288
BB,AA,BB,BB,AB,BB,BB,NC,AA,AA,AA,BB,AA,AA,BB,NC,AA,BB,BB,AA,NC,BB,NC,-56.0
BB,AA,BB,BB,AB,BB,BB,NC,AB,AA,AA,BB,AA,AB,BB,NC,AA,BB,BB,AA,NC,BB,NC,-4.166666667
BB,AA,BB,BB,AB,BB,BB,NC,AA,AA,AA,BB,AA,AA,BB,NC,AA,BB,BB,AA,NC,BB,NC,-47.71573604
BB,AA,BB,BB,AB,BB,BB,NC,AA,AA,AA,BB,AA,AA,BB,NC,AA,BB,BB,AA,NC,BB,NC,-14.28571429
BB,AA,BB,BB,AB,BB,BB,NC,AA,AA,AA,BB,AA,AA,AB,NC,AA,BB,BB,AA,NC,BB,NC,-40.20100503
BB,AA,BB,BB,AB,BB,BB,NC,AA,AA,AA,BB,AA,AA,BB,NC,AA,BB,BB,AA,NC,BB,NC,-14.65968586
BB,AA,BB,BB,AB,BB,BB,NC,AA,AA,AA,BB,AA,AA,BB,NC,AA,BB,BB,AA,NC,BB,NC,-42.82051282
BB,AA,BB,BB,AB,BB,BB,NC,AA,AA,AA,BB,AA,AA,BB,NC,AA,BB,BB,AA,NC,BB,NC,-67.34693878
BB,AA,BB,BB,AB,BB,BB,NC,AA,AA,AA,BB,AA,AA,BB,NC,AA,BB,BB,AA,NC,BB,NC,-34.63414634
BB,AA,BB,BB,AB,BB,BB,NC,AA,AA,AA,BB,AA,AA,BB,NC,AA,BB,BB,AA,NC,BB,NC,-43.82716049
BB,AA,BB,BB,AB,BB,BB,NC,AA,AA,AA,BB,AA,AA,BB,NC,AA,BB,BB,AA,NC,BB,NC,-58.80149813
BB,AA,BB,BB,AB,BB,BB,NC,AA,AA,AA,BB,AA,AA,BB,NC,AA,BB,BB,AA,NC,BB,NC,-23.01587302
BB,AA,BB,BB,AB,BB,BB,NC,AA,AA,AA,BB,AA,AA,BB,NC,AA,BB,BB,AA,NC,BB,NC,33.57400722
BB,AA,BB,BB,AB,BB,BB,NC,AA,AA,AA,BB,AA,AA,BB,NC,AA,BB,BB,AA,NC,BB,NC,-26.53061224
BB,AA,BB,BB,AB,BB,BB,NC,AA,AA,AA,BB,AA,AA,BB,NC,AA,BB,BB,AA,NC,BB,NC,-16.23376623
BB,AA,BB,BB,AB,BB,BB,NC,AA,AA,AA,BB,AA,AA,BB,NC,AA,BB,BB,AA,NC,BB,NC,6.611570248
BB,AA,BB,AB,AB,BB,BB,NC,AA,AA,AA,BB,AA,AA,BB,NC,AA,BB,BB,AB,NC,BB,NC,-24.24242424
BB,AA,BB,AB,AB,BB,BB,NC,AA,AA,AA,BB,AA,AA,BB,NC,AA,BB,BB,AB,NC,BB,NC,-30.26315789
BB,AA,BB,BB,AB,BB,BB,NC,AA,AA,AA,BB,AA,AA,BB,NC,AA,BB,BB,AA,NC,BB,NC,-5.462184874
BB,AA,BB,BB,AB,BB,BB,NC,AA,AA,AA,BB,AA,AA,BB,NC,AA,BB,BB,AA,NC,BB,NC,-31.28205128
BB,AA,BB,BB,AB,BB,BB,NC,AA,AA,AA,BB,AA,AA,BB,NC,AA,BB,BB,AA,NC,BB,NC,-14.20454545
BB,AA,BB,BB,AB,BB,BB,NC,AA,AA,AA,BB,AA,AA,BB,NC,AA,BB,BB,AA,NC,BB,NC,0.518134715
BB,AA,BB,BB,AB,BB,BB,NC,AA,AA,AA,BB,AA,AB,BB,NC,AA,BB,BB,AA,NC,BB,NC,-34.72803347
BB,AA,BB,BB,AB,BB,BB,NC,AA,AA,AA,BB,AA,AA,BB,NC,AA,BB,BB,AA,NC,BB,NC,-14.72081218
BB,AA,BB,BB,AB,BB,BB,NC,AA,AA,AA,BB,AA,AA,BB,NC,AA,BB,BB,AA,NC,BB,NC,23.97260274
BB,AA,BB,BB,AB,BB,BB,NC,AA,AA,AA,BB,AA,AA,BB,NC,AA,BB,BB,AA,NC,BB,NC,-48.29268293
BB,AA,BB,BB,AB,BB,BB,NC,AA,AA,AA,BB,AA,AA,BB,NC,AA,BB,BB,AA,NC,BB,NC,-31.00775194
BB,AA,BB,BB,AB,BB,BB,NC,AA,AA,AA,BB,AA,AA,BB,NC,AA,BB,BB,AA,NC,BB,NC,7.692307692
BB,AA,BB,BB,AB,BB,BB,NC,AA,AA,AA,BB,AA,AA,BB,NC,AA,BB,BB,AA,NC,BB,NC,-16.05839416
BB,AA,BB,BB,AB,BB,BB,NC,AA,AA,AA,BB,AA,AA,BB,NC,AA,BB,BB,AA,NC,BB,NC,-15.05791506
BB,AA,BB,BB,AB,BB,BB,NC,AA,AA,AA,BB,AA,AA,BB,NC,AA,BB,BB,AA,NC,BB,NC,-22.56097561
BB,AA,BB,BB,AB,BB,BB,NC,AA,AA,AA,BB,AA,AA,BB,NC,AA,BB,BB,AA,NC,BB,NC,-11.898017
BB,AA,BB,AB,AB,BB,BB,NC,AA,AA,AA,BB,AA,AA,BB,NC,AA,BB,BB,AB,NC,BB,NC,-33.5106383
BB,AA,BB,BB,AB,BB,BB,NC,AB,AA,AA,BB,AA,AA,BB,NC,AA,BB,BB,AA,NC,BB,NC,-17.71653543
BB,AA,BB,BB,AB,BB,AB,NC,AA,AA,AA,BB,AA,AA,BB,NC,AA,BB,BB,AA,NC,BB,NC,-39.75409836
BB,AA,BB,BB,AB,BB,BB,NC,AA,AA,AA,BB,AA,AA,BB,NC,AA,BB,BB,AA,NC,BB,NC,1.041666667
BB,AA,BB,BB,AB,BB,BB,NC,AA,AA,AA,BB,AA,AA,BB,NC,AA,BB,BB,AA,NC,BB,NC,2.272727273
BB,AA,BB,BB,AB,BB,BB,NC,AA,AA,AA,BB,AA,AA,BB,NC,AA,BB,BB,AA,NC,BB,NC,-34.21052632
BB,AA,BB,BB,AB,BB,BB,NC,AA,AA,AA,BB,AA,AA,BB,NC,AA,BB,BB,AA,NC,BB,NC,-14.79820628
BB,AA,BB,BB,AB,BB,BB,NC,AA,AA,AA,BB,AA,AA,BB,NC,AA,BB,BB,AA,NC,BB,NC,60.69651741
BB,AA,BB,BB,AB,BB,BB,NC,AA,AA,AA,BB,AA,AA,BB,NC,AA,BB,BB,AA,NC,BB,NC,-25.28735632
BB,AA,BB,BB,AB,BB,BB,NC,AA,AA,AA,BB,AA,AA,BB,NC,AA,BB,BB,AA,NC,BB,NC,-13.49693252
BB,AA,BB,BB,AB,BB,BB,NC,AA,AA,AA,BB,AA,AA,BB,NC,AA,BB,BB,AA,AB,BB,NC,-11.25541126
BB,AA,BB,BB,AB,BB,BB,NC,AA,AA,AA,BB,AA,AA,BB,NC,AA,BB,BB,AA,NC,BB,NC,-6.976744186
BB,AA,BB,BB,AB,BB,BB,NC,AA,AA,AA,BB,AA,AA,BB,NC,AA,BB,BB,AA,NC,BB,NC,-18.43575419
BB,AA,BB,BB,AB,BB,BB,NC,AA,AA,AA,BB,AA,AA,BB,NC,AA,BB,BB,AA,NC,BB,NC,18.69918699
BB,AA,BB,AB,AB,BB,BB,AB,AA,AA,AA,BB,AA,AA,BB,NC,AA,BB,BB,AB,NC,BB,NC,1.754385965
BB,AA,BB,BB,AB,BB,BB,NC,AA,AA,AA,BB,AA,AA,BB,NC,AA,BB,NC,AA,NC,BB,NC,13.3640553
BB,AA,BB,BB,AB,BB,BB,NC,AA,AA,AA,BB,AA,AA,BB,NC,AA,BB,BB,AA,NC,BB,NC,29.47368421
BB,AA,BB,BB,AB,BB,BB,NC,AA,AA,AA,BB,AA,AA,BB,NC,AA,BB,BB,AA,NC,BB,NC,-19.11111111
BB,AA,BB,BB,AB,BB,BB,NC,AA,AA,AA,BB,AA,AA,BB,NC,AA,BB,BB,AA,NC,BB,NC,-2.040816327
BB,AA,BB,BB,AB,BB,BB,NC,AA,AA,AA,BB,AA,AA,BB,NC,AA,BB,BB,AA,NC,BB,NC,-5.054151625
BB,AA,BB,BB,AB,BB,BB,NC,AA,AA,AA,BB,AA,AA,BB,NC,AA,BB,BB,AA,NC,BB,NC,-28.71794872
BB,AA,BB,BB,AB,BB,BB,NC,AA,AA,AA,BB,NC,AA,BB,NC,AA,BB,BB,AA,NC,BB,NC,-36.492891
BB,AA,BB,BB,AB,BB,BB,NC,AA,AA,AA,BB,AA,AA,BB,NC,AA,BB,BB,AA,NC,AB,NC,-45.51282051
BB,AA,BB,BB,AB,BB,BB,NC,AA,AB,AA,BB,AA,AA,BB,NC,AA,BB,BB,AA,NC,BB,NC,-20.70707071
BB,AA,BB,BB,AB,BB,BB,NC,AA,AA,AA,BB,AA,AA,BB,NC,AA,BB,BB,AA,NC,BB,NC,-4.8
BB,AA,BB,BB,AB,BB,BB,NC,AA,AA,AA,BB,AA,AA,BB,NC,AA,BB,BB,AA,NC,BB,NC,-20.76923077
BB,AA,BB,BB,AB,BB,BB,NC,AA,AA,AA,BB,AA,AA,BB,NC,AA,NC,BB,AA,AB,BB,NC,-20.0
BB,AA,BB,BB,AB,BB,BB,NC,AA,AA,AA,BB,AA,AA,AB,NC,AA,BB,BB,AA,NC,BB,NC,4.827586207
BB,AA,BB,BB,AB,BB,BB,NC,AA,AA,AA,BB,AA,AA,BB,NC,AA,BB,BB,AA,NC,BB,NC,-21.16788321
BB,AA,BB,BB,AB,BB,BB,NC,AA,AA,AA,BB,AB,AA,BB,NC,AA,BB,BB,AA,NC,BB,NC,-16.77018634
BB,AA,BB,BB,AB,BB,BB,NC,AA,AA,AA,BB,AA,AA,BB,NC,AA,BB,BB,AA,NC,BB,NC,-39.02439024
BB,AA,BB,BB,AB,BB,BB,NC,AA,AA,AA,BB,AA,AA,BB,NC,AA,BB,BB,AA,NC,BB,NC,-11.33333333
BB,AA,BB,BB,AB,BB,BB,NC,AA,AA,AA,BB,AA,AA,BB,NC,AA,BB,BB,AA,NC,BB,NC,5.833333333
BB,AA,BB,BB,AB,BB,BB,NC,AA,AA,AA,BB,AA,AA,BB,NC,AA,BB,BB,AA,NC,BB,NC,-14.07407407
BB,AA,BB,BB,AB,BB,BB,NC,AA,AA,AA,BB,AA,AA,BB,NC,AA,BB,BB,AA,NC,BB,NC,-40.61302682
BB,AA,BB,AB,AB,BB,BB,NC,AA,AA,AA,BB,AA,AA,BB,NC,AA,BB,BB,AB,NC,BB,NC,-12.17948718
BB,AA,BB,BB,AB,BB,BB,NC,AA,AA,AA,BB,AA,AA,BB,NC,AA,BB,BB,AA,NC,BB,NC,12.0
BB,AA,BB,BB,AB,BB,BB,NC,AB,AA,AA,BB,AA,AA,BB,NC,AA,BB,BB,AA,NC,BB,NC,-24.3902439
BB,AA,BB,BB,AB,BB,BB,NC,AA,AA,AA,BB,AA,AA,BB,NC,AA,BB,BB,AA,NC,BB,NC,-5.34351145
BB,AA,BB,BB,AB,BB,BB,NC,AA,AA,AA,BB,AA,AA,BB,NC,AA,BB,AB,AA,NC,BB,NC,27.6119403
BB,AA,BB,BB,AB,BB,BB,NC,AA,AA,AA,BB,AA,AA,BB,NC,AA,BB,BB,AA,NC,BB,NC,-17.12062257
BB,AA,BB,BB,AB,BB,BB,NC,AA,AA,AA,BB,AA,AA,BB,NC,AA,BB,BB,AA,NC,BB,NC,-26.2295082
BB,AA,BB,BB,AB,BB,BB,NC,AA,AA,AA,BB,AA,AA,BB,NC,AA,BB,BB,AA,NC,BB,NC,-23.15789474
BB,AA,BB,BB,AB,BB,BB,NC,AA,AA,AA,BB,AA,AB,BB,NC,AA,BB,BB,AA,NC,BB,NC,-13.14285714
BB,AA,BB,BB,AB,BB,BB,NC,AA,AA,AA,BB,AA,AA,BB,NC,AA,BB,BB,AA,NC,BB,NC,-46.66666667
BB,AA,BB,BB,AB,BB,BB,NC,AA,AA,AA,BB,AA,AA,BB,NC,AA,BB,BB,AA,NC,BB,NC,5.594405594
BB,AA,BB,BB,AB,BB,BB,NC,AA,AA,AA,BB,AA,AA,BB,NC,AA,BB,BB,AA,NC,BB,NC,-25.0
BB,AA,BB,BB,AB,BB,BB,NC,AA,AA,AA,BB,AA,AA,BB,NC,AA,BB,BB,AA,NC,BB,NC,-19.16666667
BB,AA,BB,BB,AB,BB,BB,NC,AA,AA,AA,BB,AA,AA,BB,NC,AA,BB,BB,AA,NC,BB,NC,23.61111111
BB,AA,BB,BB,AB,BB,BB,NC,AA,AA,AA,BB,AA,AA,BB,NC,AA,BB,BB,AA,NC,BB,NC,-43.93305439
BB,AA,BB,BB,AB,BB,BB,NC,AA,AA,AA,BB,AA,AA,BB,NC,AA,BB,AB,AA,NC,BB,NC,-1.083032491
BB,AA,BB,BB,AB,BB,BB,NC,AA,AA,AA,BB,AA,AA,BB,NC,AA,BB,BB,AA,NC,BB,NC,-5.882352941
BB,AA,BB,BB,AB,BB,BB,NC,AA,AA,AA,BB,AA,AA,AB,NC,AA,BB,BB,AA,NC,BB,NC,-55.34591195
BB,AA,BB,BB,AB,BB,BB,NC,AA,AA,AA,BB,AA,AA,BB,NC,AA,BB,BB,AA,NC,BB,NC,-29.78723404
BB,AA,BB,BB,AB,BB,BB,NC,AA,AA,AA,BB,AA,AA,BB,NC,AA,BB,BB,AA,NC,BB,NC,-22.40437158
BB,AA,BB,BB,AB,BB,BB,NC,AB,AA,AA,BB,AA,AA,BB,NC,AA,BB,BB,AA,NC,BB,NC,-14.87179487
BB,AA,BB,BB,AB,BB,BB,NC,AA,AA,AA,BB,AA,AA,BB,NC,AA,BB,BB,AA,NC,BB,NC,-14.0625
BB,AA,BB,BB,AB,BB,BB,NC,AA,AA,AA,BB,AA,AA,BB,NC,AA,BB,BB,AA,NC,BB,NC,-29.74358974
BB,AA,BB,BB,AB,BB,BB,NC,AA,AA,AA,BB,AA,AA,BB,NC,AA,BB,BB,AA,NC,BB,NC,-22.37762238
BB,AA,BB,AA,AB,BB,BB,NC,AA,AA,AA,BB,AA,AB,BB,NC,AA,BB,BB,BB,NC,BB,NC,12.65306122
BB,AA,BB,BB,AB,BB,AB,NC,AA,AA,AA,BB,AA,AA,BB,NC,AA,BB,AB,AA,NC,BB,NC,-20.08032129
BB,AA,BB,BB,AB,BB,BB,NC,AA,AA,AA,BB,AA,AA,BB,NC,AA,BB,BB,AA,NC,BB,NC,-15.96244131
BB,AA,BB,BB,AB,BB,BB,NC,AA,AA,AA,BB,AA,AA,BB,NC,AA,BB,BB,AA,NC,BB,NC,-20.83333333
BB,AA,BB,BB,AB,BB,BB,NC,AA,AA,AA,BB,AA,AA,BB,NC,AA,BB,BB,AA,NC,BB,NC,-25.55555556
BB,AA,BB,BB,AB,BB,BB,NC,AA,AA,AA,BB,AA,AA,BB,NC,AA,BB,BB,AA,NC,BB,NC,2.580645161
BB,AA,BB,BB,AB,BB,BB,NC,AA,AA,AA,BB,AA,AA,BB,NC,AA,AB,BB,AA,NC,BB,NC,0.0
BB,AA,BB,BB,AB,BB,BB,NC,AA,AA,AA,BB,AA,AA,BB,NC,AA,BB,BB,AA,NC,BB,NC,-15.38461538
BB,AA,BB,BB,AB,BB,BB,NC,AA,AA,AA,BB,AA,AA,BB,NC,AA,BB,BB,AA,NC,BB,NC,-13.30472103
BB,AA,BB,BB,AB,BB,BB,NC,AA,AA,AA,BB,AA,AA,BB,NC,AA,BB,BB,AA,NC,BB,NC,-15.55555556
BB,AA,BB,BB,AB,BB,BB,NC,AA,AA,NC,BB,AA,AA,BB,NC,AA,BB,BB,AA,NC,BB,NC,2.702702703
BB,AA,BB,BB,AB,BB,BB,NC,AA,AA,AA,BB,AA,AA,BB,NC,AA,BB,BB,AB,NC,BB,NC,-31.38297872
BB,AA,BB,BB,AB,BB,AB,NC,AA,AA,AA,BB,AA,AA,BB,NC,AA,BB,BB,AA,NC,BB,NC,-9.863945578
BB,AA,BB,BB,AB,BB,BB,NC,AA,AA,AA,BB,AA,AA,BB,NC,AA,BB,BB,AA,NC,BB,NC,-12.41830065
BB,AA,BB,AB,AB,BB,BB,NC,AA,AA,AA,BB,AA,AA,BB,NC,AA,BB,BB,AB,NC,BB,NC,-5.936073059
BB,AA,BB,BB,AB,BB,BB,NC,AA,AA,AA,BB,AA,AA,BB,NC,AA,BB,BB,AA,NC,BB,NC,-21.42857143
BB,AA,BB,BB,AB,BB,BB,NC,AA,AA,AA,BB,AA,AA,BB,NC,AA,BB,AB,AA,NC,BB,NC,-48.46153846
BB,AA,BB,BB,AB,BB,BB,NC,AA,AA,AA,BB,AA,AA,BB,NC,AA,BB,BB,AA,NC,BB,NC,-21.58273381
BB,AA,BB,BB,AB,BB,BB,NC,AA,AA,AA,BB,AA,AA,BB,NC,AA,BB,BB,AA,NC,BB,NC,5.660377359
BB,AA,BB,BB,AB,BB,BB,NC,AA,AA,AA,BB,AA,AA,BB,NC,AA,BB,BB,AA,NC,BB,NC,-10.22727273
BB,AA,BB,BB,AB,BB,BB,NC,AA,AA,AA,BB,AA,AA,BB,NC,AA,BB,BB,AA,NC,BB,NC,-24.42396313
BB,AA,BB,BB,AB,BB,BB,NC,AA,AA,AA,BB,AA,AA,BB,NC,AA,BB,BB,AA,NC,BB,NC,-28.09917355
BB,AA,BB,BB,AB,BB,BB,NC,AA,AA,AA,BB,AA,AA,BB,NC,AA,BB,BB,AA,NC,BB,NC,-17.69230769
BB,AA,BB,BB,AB,BB,BB,NC,AA,AA,AA,BB,AA,AA,BB,NC,AA,BB,BB,AA,NC,BB,NC,-31.77083333
BB,NC,BB,BB,AB,BB,BB,NC,AA,AA,AA,BB,AA,AA,BB,NC,AA,BB,BB,AA,NC,AB,NC,-37.31343284
BB,AA,BB,BB,AB,BB,BB,NC,AA,AA,AA,BB,AA,AA,BB,NC,AA,BB,BB,AA,NC,BB,NC,-22.3880597
BB,AA,BB,BB,AB,BB,BB,NC,AA,AA,AA,BB,AA,AA,BB,NC,AA,BB,BB,AA,NC,BB,NC,-2.586206897
BB,AA,BB,BB,AB,BB,BB,NC,AA,AA,AA,BB,AA,AA,BB,NC,AA,BB,BB,AA,NC,BB,NC,-44.39252336
BB,AA,BB,BB,AB,BB,BB,NC,AA,AA,AA,BB,AA,AA,BB,NC,AA,BB,BB,AA,NC,BB,NC,-11.2
BB,AA,BB,BB,AB,BB,BB,NC,AA,AA,AA,BB,AA,AA,BB,NC,AA,BB,BB,AA,NC,BB,NC,-29.25531915
BB,AA,BB,BB,AB,BB,AB,NC,AA,AA,AA,BB,AA,AA,BB,NC,AA,BB,BB,AA,NC,BB,NC,22.31404959
BB,AA,BB,BB,AB,BB,BB,NC,AA,AA,AA,BB,AA,AA,BB,NC,AA,BB,BB,AA,NC,BB,NC,10.82474227
BB,AA,BB,BB,AB,BB,BB,NC,AA,AA,AA,BB,AA,AA,BB,NC,AA,BB,BB,AA,NC,BB,NC,-27.02702703
BB,AA,BB,BB,AB,BB,BB,NC,AA,AA,AA,BB,AA,AA,BB,NC,AA,BB,BB,AA,NC,BB,NC,107.9136691
BB,AA,BB,BB,AB,BB,BB,NC,AA,AA,AA,BB,AA,AA,BB,NC,AA,BB,BB,AA,NC,BB,NC,-9.259259259
BB,AA,BB,BB,AB,BB,BB,NC,AA,AA,AA,BB,AA,AA,BB,NC,AA,BB,BB,AA,NC,BB,NC,-12.03007519
BB,AA,BB,BB,AB,BB,BB,NC,AA,AA,AA,BB,AA,AA,BB,NC,AA,BB,AB,AA,NC,BB,NC,8.474576271
BB,AA,BB,BB,AB,BB,BB,NC,AA,AA,AA,BB,AA,AA,BB,NC,AA,BB,BB,AA,NC,BB,NC,-12.01923077
BB,AA,BB,BB,AB,BB,BB,NC,AB,AA,AA,BB,AA,AB,BB,NC,AA,BB,BB,AA,NC,BB,NC,-19.18604651
BB,AA,BB,BB,AB,BB,BB,NC,AA,AA,AA,BB,AA,AA,BB,NC,AA,BB,BB,AA,NC,BB,NC,-0.488997555
BB,AA,BB,BB,AB,BB,BB,NC,AA,AA,AA,BB,AA,AA,BB,NC,AA,BB,BB,AA,NC,BB,NC,2.380952381
BB,AA,BB,BB,AB,BB,BB,NC,AA,AA,AA,BB,AA,AB,BB,NC,AA,BB,BB,AA,NC,BB,NC,-20.43010753
BB,AA,BB,AB,AB,BB,BB,NC,AB,AA,AA,BB,AA,AA,BB,NC,AA,BB,AB,AB,NC,BB,NC,-17.8343949
BB,AA,BB,BB,AB,BB,BB,NC,AA,AA,AA,BB,AA,AA,BB,NC,AA,BB,BB,AA,NC,BB,NC,-21.48760331
BB,AA,BB,BB,AB,BB,BB,NC,AA,AA,AA,BB,AA,AA,BB,NC,AA,BB,BB,AA,NC,BB,NC,-32.5
BB,AA,BB,AB,AB,BB,BB,NC,AA,AA,AA,BB,AA,AA,BB,NC,AA,BB,BB,AB,NC,BB,NC,-15.87301587
BB,AA,BB,BB,AB,BB,BB,NC,AA,AA,AA,BB,AA,AA,BB,NC,AA,BB,BB,AA,NC,BB,NC,-9.090909091
BB,AA,BB,BB,AB,BB,BB,NC,AA,AA,AA,BB,AA,AA,BB,NC,AA,BB,BB,AA,NC,BB,NC,-30.68783069
BB,AA,BB,BB,AB,BB,BB,NC,AA,AA,AA,BB,AA,AA,BB,NC,AA,BB,BB,AA,NC,BB,NC,45.07772021
BB,AA,BB,BB,AB,BB,BB,NC,AA,AA,AA,BB,AA,AA,BB,NC,AA,BB,BB,AA,NC,BB,NC,-22.26890756
BB,AA,BB,BB,AB,BB,BB,NC,AA,AA,AA,BB,AB,AA,BB,NC,AA,BB,BB,AA,NC,BB,NC,-9.941520468
BB,AA,BB,BB,AB,BB,AB,NC,AA,AA,AA,BB,AA,AA,BB,NC,AA,BB,BB,AA,NC,BB,NC,-22.68518519
BB,AA,BB,BB,AB,BB,AB,NC,AA,AA,AA,BB,AA,AA,BB,NC,AA,BB,BB,AA,NC,BB,NC,-6.018518519
BB,AA,BB,BB,AB,BB,BB,NC,AA,AA,AA,BB,AA,AA,BB,NC,AA,BB,BB,AA,NC,BB,NC,6.944444444
BB,AA,BB,BB,AB,BB,AB,NC,AB,AA,AA,BB,AA,AA,BB,NC,AA,BB,BB,AA,NC,BB,NC,27.60736196
BB,AA,BB,BB,AB,BB,BB,NC,AA,AA,AA,BB,AA,AA,BB,NC,AA,BB,BB,AA,NC,BB,NC,-25.92592593
BB,AA,BB,BB,AB,BB,BB,NC,AA,AA,AA,BB,AA,AA,BB,NC,AA,BB,BB,AA,NC,BB,NC,-12.06896552
BB,AA,BB,BB,AB,BB,BB,NC,AA,AA,AA,BB,AA,AA,BB,NC,AA,BB,BB,AA,NC,BB,NC,-23.22580645
BB,AA,BB,BB,AB,BB,BB,NC,AA,AB,AA,BB,AA,AA,BB,NC,AA,BB,AB,AA,NC,BB,NC,-36.06557377
BB,AA,BB,BB,AB,BB,BB,NC,AA,AA,AA,BB,AA,AA,BB,NC,AA,BB,BB,AA,NC,BB,NC,-7.462686567
BB,AA,BB,BB,AB,BB,BB,NC,AB,AA,AA,BB,AA,AA,BB,NC,AA,BB,BB,AA,NC,BB,NC,12.26993865
BB,AA,BB,BB,AB,BB,BB,NC,AA,AA,AA,BB,AA,AA,BB,NC,AA,BB,BB,AA,NC,BB,NC,-30.72916667
BB,AA,BB,BB,AB,BB,BB,NC,AB,AA,AA,BB,AA,AA,BB,NC,AA,BB,BB,AA,NC,BB,NC,-5.426356589
BB,AA,BB,BB,AB,BB,BB,NC,AA,AA,AA,BB,AA,AA,BB,NC,AA,BB,BB,AA,NC,BB,NC,-22.77227723
BB,AA,BB,BB,AB,BB,BB,NC,AA,AA,AA,BB,AA,AA,BB,NC,AA,BB,BB,AA,NC,BB,NC,-4.0
BB,AA,BB,BB,AB,BB,BB,NC,AA,AA,AA,BB,AA,AA,BB,NC,AA,BB,BB,AA,NC,BB,NC,2.577319588
BB,AA,BB,BB,AB,BB,BB,NC,AA,AA,AA,BB,AA,AA,BB,NC,AA,BB,BB,AA,NC,BB,NC,-39.23611111
BB,AA,BB,BB,AB,BB,BB,NC,AA,AA,AA,BB,AA,AA,BB,NC,AA,BB,BB,AA,NC,BB,NC,-37.20136519
BB,AA,BB,BB,AB,BB,BB,NC,AA,AA,AA,BB,AA,AA,BB,NC,AA,BB,BB,AA,NC,BB,NC,-13.76146789
BB,AA,BB,BB,AB,BB,BB,NC,AA,AA,AA,BB,AA,AA,BB,NC,AA,BB,BB,AA,NC,BB,NC,-26.63755459
BB,AA,BB,BB,AB,BB,BB,NC,AA,AA,AA,BB,AA,AA,BB,NC,AA,BB,BB,AA,NC,BB,NC,-41.09090909
BB,AA,BB,BB,AB,BB,BB,NC,AA,AA,AA,BB,AA,AA,BB,NC,AA,BB,BB,AA,NC,BB,NC,-36.51685393
BB,AA,BB,BB,AB,BB,BB,NC,AA,AA,AA,BB,AA,AA,BB,NC,AA,BB,BB,AA,NC,BB,NC,-1.923076923
BB,AA,BB,BB,AB,BB,BB,NC,AA,AA,AA,BB,AA,AA,BB,NC,AA,BB,BB,AA,NC,BB,NC,-31.16883117
BB,AA,BB,BB,AB,BB,BB,NC,AA,AA,AA,BB,AA,AA,BB,NC,AA,BB,BB,AA,NC,BB,NC,2.941176471
BB,AA,BB,BB,AB,BB,BB,NC,AA,AA,AA,BB,AA,AA,BB,NC,AA,BB,BB,AA,NC,BB,NC,24.47552448
BB,AA,BB,BB,AB,BB,BB,NC,AA,AA,AA,BB,AA,AA,BB,NC,AA,BB,BB,AA,NC,BB,NC,-25.55555556
BB,AA,BB,BB,AB,BB,BB,NC,AA,AA,AA,BB,AA,AA,BB,NC,AA,BB,BB,AA,NC,BB,NC,-7.766990291
BB,AA,BB,BB,AB,BB,BB,NC,AA,AA,AA,BB,AA,AA,BB,NC,AA,BB,BB,AA,NC,BB,NC,-25.0
BB,AA,BB,BB,AB,BB,BB,NC,AA,AA,AA,BB,AA,AA,BB,NC,AA,BB,BB,AA,NC,BB,NC,8.333333333
BB,AA,BB,BB,AB,BB,BB,NC,AA,AA,AA,BB,AA,AA,BB,NC,AA,BB,BB,AA,NC,BB,NC,0.46728972
BB,AA,BB,AB,AB,BB,AB,NC,AA,AA,AA,BB,AA,AA,BB,NC,AA,BB,BB,AB,NC,BB,NC,-20.45454545
BB,AA,BB,BB,AB,BB,BB,NC,AA,AA,AA,BB,AA,AA,BB,NC,AA,BB,BB,AA,NC,BB,NC,-25.0
BB,AA,BB,BB,AB,BB,BB,NC,AA,AA,AA,BB,AA,AA,BB,NC,AA,BB,BB,AA,NC,BB,NC,-23.07692308
BB,AA,BB,BB,AB,BB,BB,NC,AA,AA,AA,BB,AA,AA,BB,NC,AA,BB,BB,AA,NC,BB,NC,16.77852349
BB,AA,BB,BB,AB,BB,BB,NC,AA,AA,AA,BB,AA,AA,BB,NC,AA,BB,BB,AA,NC,BB,NC,-38.97435897
BB,AA,BB,BB,AB,BB,BB,NC,AA,AA,AA,BB,AA,AA,BB,NC,AA,BB,BB,AA,NC,BB,NC,-49.74093264
BB,AA,BB,BB,AB,BB,BB,NC,AA,AA,AA,BB,AA,AA,BB,NC,AA,BB,AB,AA,NC,BB,NC,-27.67857143
BB,AA,BB,AB,AB,BB,BB,NC,AA,AA,AA,BB,AA,AA,BB,NC,AA,BB,BB,AB,NC,BB,NC,-17.71428571
BB,AA,BB,BB,AB,BB,BB,NC,AA,AA,AA,BB,AA,AA,BB,NC,AA,BB,BB,AA,NC,BB,NC,-12.57142857
BB,AA,BB,BB,AB,BB,BB,NC,AA,AA,AA,BB,AA,AA,BB,NC,AA,BB,BB,AA,NC,BB,NC,-27.52808989
NC,AA,BB,BB,AB,NC,NC,NC,AA,AA,AA,BB,AA,AA,NC,NC,AA,BB,AB,AA,NC,BB,NC,-34.66666667
BB,AA,BB,BB,AB,BB,BB,NC,AA,AA,AA,BB,AA,AA,BB,NC,AA,BB,BB,AA,NC,BB,NC,-34.85714286
BB,AA,BB,BB,AB,BB,BB,NC,AA,AA,AA,BB,AA,AA,AB,NC,AA,BB,BB,AA,NC,BB,NC,15.83333333
BB,AA,BB,BB,AB,BB,BB,NC,AA,AA,AA,BB,AA,AA,BB,NC,AA,BB,BB,AA,NC,BB,NC,-46.5408805
BB,AA,BB,BB,AB,BB,BB,NC,AA,AA,AA,BB,AA,AA,BB,NC,AA,BB,BB,AA,NC,BB,NC,-17.72727273
BB,AA,BB,BB,AB,BB,BB,NC,AA,AA,AA,BB,AA,AA,BB,NC,AA,BB,BB,AA,NC,BB,NC,-22.4852071
BB,AA,BB,BB,AB,BB,BB,NC,AA,AA,AA,BB,AA,AA,BB,NC,AA,BB,BB,AA,NC,BB,NC,-25.74257426
BB,AA,BB,BB,AB,BB,BB,NC,AA,AA,AA,BB,AA,AA,BB,NC,AA,BB,BB,AA,NC,BB,NC,-21.54696133
BB,AA,BB,BB,AB,BB,BB,NC,AA,AA,AA,BB,AA,AA,BB,NC,AA,BB,BB,AA,NC,BB,NC,-16.66666667
BB,AA,BB,BB,AB,BB,BB,NC,AA,AA,AA,BB,AA,AA,BB,NC,AA,BB,BB,AA,NC,BB,NC,2.158273381
BB,AA,BB,BB,AB,BB,BB,NC,AA,AA,AA,BB,AA,AA,BB,NC,AA,BB,BB,AA,NC,BB,NC,-31.81818182
BB,AA,BB,BB,AB,BB,BB,NC,AA,AA,AA,BB,AA,AA,AB,NC,AA,BB,BB,AA,NC,BB,NC,-26.72413793
BB,AA,BB,BB,AB,BB,BB,NC,AA,AA,AA,BB,AA,AA,BB,NC,AA,BB,BB,AA,NC,BB,NC,-53.55805243
BB,AA,BB,BB,AB,BB,BB,NC,AA,AA,AA,BB,AA,AA,BB,NC,AA,BB,BB,AA,NC,BB,NC,10.79545455
BB,AA,BB,BB,AB,BB,BB,NC,AA,AA,AA,BB,AA,AA,BB,NC,AA,BB,BB,AA,NC,BB,NC,-36.92307692
BB,AA,BB,BB,AB,BB,BB,NC,AA,AA,AA,BB,AA,AA,BB,NC,AA,BB,BB,AA,NC,BB,NC,-25.20325203
BB,AA,BB,BB,AB,BB,BB,NC,AA,AA,AA,BB,AA,AA,BB,NC,AA,BB,AB,AA,NC,BB,NC,25.0
BB,AA,BB,BB,AB,BB,AB,NC,AA,AA,AA,BB,AA,AA,BB,NC,AA,BB,BB,AA,NC,BB,NC,-13.22751323
BB,AA,BB,BB,AB,BB,BB,NC,AA,AA,AA,BB,AA,AA,BB,NC,AA,BB,BB,AA,NC,BB,NC,-10.38961039
BB,AA,BB,BB,AB,BB,BB,NC,AA,AA,AA,BB,AA,AA,BB,NC,AA,BB,BB,AA,NC,BB,NC,-15.97633136
BB,AA,BB,BB,AB,BB,BB,NC,AA,AA,AA,BB,AA,AA,BB,NC,AA,BB,AB,AA,NC,BB,NC,-14.13043478
BB,AA,BB,BB,AB,BB,BB,NC,AA,AA,AA,BB,AA,AA,BB,NC,AA,BB,BB,AA,NC,AB,NC,-6.161137441
BB,AA,BB,BB,AB,BB,BB,NC,AA,AA,AA,BB,AA,AA,BB,NC,AA,BB,BB,AA,NC,BB,NC,0.81300813
BB,AA,BB,BB,AB,BB,BB,NC,AA,AA,AA,BB,AA,AA,BB,NC,AA,BB,BB,AA,NC,BB,NC,-13.25301205
BB,AA,BB,BB,AB,BB,BB,NC,AA,AA,AA,BB,AA,AA,BB,NC,AA,BB,BB,AA,NC,BB,NC,-22.96918768
BB,AA,BB,BB,AB,BB,BB,NC,AA,AA,AA,BB,AA,AB,BB,NC,AA,BB,BB,AA,NC,BB,NC,3.636363636
BB,AA,BB,BB,AB,BB,BB,NC,AA,AA,AA,BB,AA,AA,AB,NC,AA,BB,BB,AA,NC,BB,NC,-34.09090909
BB,AA,BB,BB,AB,BB,BB,NC,AB,AA,AA,BB,AA,AA,BB,NC,AA,BB,BB,AA,NC,BB,NC,-9.202453988
BB,AA,BB,BB,AB,BB,BB,NC,AA,AA,AA,BB,AA,AA,BB,NC,AA,BB,BB,AA,NC,BB,NC,28.93617021
BB,AA,BB,BB,AB,BB,BB,NC,AA,AA,AA,BB,AB,AA,BB,NC,AA,BB,BB,AA,NC,BB,NC,-26.92307692
BB,AA,BB,BB,AB,BB,BB,NC,AA,AA,AA,BB,AA,AA,BB,NC,AA,BB,BB,AA,NC,BB,NC,-4.47761194
BB,AA,BB,BB,AB,BB,BB,NC,AA,AA,AA,BB,AA,AA,BB,NC,AA,BB,BB,AA,NC,BB,NC,24.50331126
BB,AA,BB,BB,AB,BB,BB,NC,AA,AA,AA,BB,AA,AA,BB,NC,AA,BB,BB,AA,NC,BB,NC,-33.5078534
BB,AA,BB,BB,AB,BB,BB,NC,AA,AA,AA,BB,AA,AA,BB,NC,AA,BB,BB,AA,NC,BB,NC,72.95081967
BB,AA,BB,BB,AB,BB,BB,NC,AA,AA,AA,BB,AA,AA,BB,NC,AA,BB,BB,AA,NC,BB,NC,-21.65898618
BB,AA,BB,BB,AB,BB,BB,NC,AA,AA,AA,BB,AA,AA,BB,NC,AA,BB,BB,AA,NC,BB,NC,-10.63829787
BB,AA,BB,BB,AB,BB,BB,NC,AA,AA,AA,BB,AA,AA,BB,NC,AA,BB,BB,AA,NC,BB,NC,-11.11111111
BB,AA,BB,BB,NC,BB,BB,NC,AA,AA,AA,BB,AA,AA,BB,NC,AA,BB,BB,AA,NC,BB,NC,-2.877697842
BB,AA,BB,BB,AB,BB,BB,NC,AA,AA,AA,BB,AB,AA,BB,NC,AA,BB,BB,AA,NC,BB,NC,-15.96958175
BB,AA,BB,BB,AB,BB,BB,NC,AA,AA,AA,BB,AA,AA,BB,NC,AA,BB,BB,AA,NC,BB,NC,-17.88990826
BB,AA,BB,BB,AB,BB,BB,NC,AA,AA,AA,BB,AA,AB,BB,NC,AA,BB,BB,AA,NC,BB,NC,-12.04819277
BB,AA,BB,BB,AB,BB,AB,NC,AA,AA,AA,BB,AA,AA,BB,NC,AA,BB,BB,AA,NC,BB,NC,-40.84507042
BB,AA,BB,BB,AB,BB,BB,NC,AA,AA,AA,BB,AA,AA,BB,NC,AA,BB,AB,AA,NC,BB,NC,2.158273381
BB,AA,BB,BB,AB,BB,BB,NC,AA,AA,AA,BB,AA,AA,BB,NC,AA,BB,BB,AA,NC,BB,NC,-11.03448276
BB,AA,BB,NC,AB,BB,BB,NC,AA,AA,AA,BB,AA,AA,BB,NC,AA,BB,BB,AA,NC,BB,NC,17.5
BB,AA,BB,BB,AB,BB,BB,NC,AA,AA,AA,BB,AA,AA,BB,NC,AA,BB,BB,AA,NC,BB,NC,-8.368200837
BB,AA,BB,BB,AB,BB,BB,NC,AA,AA,AA,BB,AA,AA,BB,NC,AA,BB,BB,AA,NC,BB,NC,-3.636363636
BB,AA,BB,BB,AB,BB,BB,NC,AA,AA,AA,BB,AA,AA,BB,NC,AA,BB,BB,AA,NC,BB,NC,-7.182320442
BB,AA,BB,BB,AB,BB,BB,NC,AA,AA,AA,BB,AA,AA,BB,NC,AA,BB,BB,AA,NC,BB,NC,-43.91304348
AB,AA,BB,BB,AB,BB,BB,NC,AA,AA,AA,BB,AA,AA,BB,NC,AA,BB,BB,AA,NC,BB,NC,-27.39726027
BB,AA,BB,BB,AB,BB,BB,NC,AA,AA,AA,BB,AA,AA,BB,NC,AA,BB,BB,AA,NC,BB,NC,-24.74226804
BB,AA,BB,BB,AB,BB,BB,NC,AA,AA,AA,BB,AA,AA,BB,NC,AA,BB,BB,AA,NC,BB,NC,5.128205128
BB,AA,BB,BB,AB,BB,BB,NC,AA,AA,AA,BB,AA,AA,BB,NC,AA,BB,BB,AA,NC,BB,NC,18.98734177
BB,AA,BB,BB,AB,BB,BB,NC,AA,AA,AA,NC,AA,AA,BB,NC,AA,BB,BB,AA,NC,BB,NC,-27.3255814
BB,AA,BB,BB,AB,BB,BB,NC,AA,AA,AA,BB,AA,AA,BB,NC,AA,BB,BB,AA,NC,BB,NC,-15.07537688
BB,AA,BB,BB,AB,BB,BB,NC,AB,AA,AA,BB,AA,AA,BB,NC,AA,BB,BB,AA,NC,BB,NC,-36.1516035
BB,AA,BB,BB,AB,BB,NC,NC,AA,AA,AA,BB,AA,AA,BB,NC,AA,BB,BB,AA,NC,BB,NC,-32.09876543
BB,AA,BB,BB,AB,BB,BB,NC,AA,AA,AA,BB,AA,AA,BB,NC,AA,BB,BB,AA,NC,BB,NC,-11.23595506
BB,AA,BB,BB,AB,BB,BB,NC,AA,AA,AA,BB,AA,AA,BB,NC,AA,BB,BB,AA,NC,BB,NC,-58.78378378
BB,AA,BB,BB,AB,BB,BB,NC,AA,AA,AA,BB,AA,AA,BB,NC,AA,BB,BB,AA,NC,AB,NC,-26.80851064
BB,AA,BB,BB,AB,BB,BB,NC,AA,AA,AA,BB,AA,AA,BB,NC,AA,BB,BB,AA,NC,BB,NC,10.74380165
BB,AA,BB,BB,AB,BB,BB,NC,AA,AA,AA,BB,AA,AA,BB,NC,AA,BB,BB,AA,NC,BB,NC,-25.71428571
BB,AA,BB,AB,AB,BB,BB,NC,AA,AA,AA,BB,AA,AA,BB,NC,AA,BB,BB,AB,NC,BB,NC,50.94339623
BB,AA,BB,BB,AB,BB,BB,NC,AA,AA,AA,BB,AA,AA,BB,NC,AA,BB,BB,AA,NC,BB,NC,-28.0
BB,AA,BB,BB,AB,BB,BB,NC,AA,AA,AA,BB,AA,AA,BB,NC,AA,BB,BB,AA,NC,BB,NC,-21.27659574
BB,AA,BB,BB,AB,BB,BB,NC,AA,AA,AA,BB,AA,AA,BB,NC,AA,BB,BB,AA,NC,BB,NC,-37.57225434
BB,AA,BB,BB,AB,BB,BB,NC,AA,AA,AA,BB,AA,AA,BB,NC,AA,BB,BB,AA,NC,BB,NC,-15.7635468
BB,AA,BB,BB,AB,BB,BB,NC,AA,AA,AA,BB,AA,AA,BB,NC,AA,BB,BB,AA,NC,BB,NC,-14.0077821
BB,AA,BB,BB,AB,BB,BB,NC,AA,AA,AA,BB,AA,AA,BB,NC,AA,BB,BB,AA,NC,BB,NC,12.76595745
BB,AA,BB,BB,AB,BB,BB,NC,AA,AA,AA,BB,AA,AA,BB,NC,AA,BB,BB,AA,NC,BB,NC,-34.21052632
BB,AA,BB,BB,AB,BB,BB,NC,AA,AA,AA,BB,AA,AA,BB,NC,AA,BB,BB,AA,NC,BB,NC,-8.148148148
BB,AA,BB,BB,AB,BB,AB,NC,AB,AA,AA,BB,AA,AA,BB,NC,AA,BB,BB,AA,NC,BB,NC,-19.4092827
BB,AA,BB,BB,AB,BB,BB,NC,AA,AA,AA,BB,AA,AA,BB,NC,AA,BB,BB,AA,NC,BB,NC,18.78172589
BB,AA,BB,AB,AB,BB,AB,NC,AA,AA,AA,BB,AA,AA,BB,NC,AA,BB,BB,AB,NC,BB,NC,30.47619048
BB,AA,BB,BB,AB,BB,BB,NC,AA,AA,AA,BB,AA,AB,BB,NC,AA,BB,BB,AA,NC,BB,NC,-59.48275862
BB,AA,BB,BB,AB,BB,BB,NC,AA,AA,AA,BB,AA,AA,BB,NC,AA,BB,BB,AA,NC,BB,NC,-58.88888889
BB,AA,BB,BB,AB,BB,BB,NC,AA,AA,AA,BB,AA,AA,BB,NC,AA,BB,BB,AA,NC,BB,NC,-24.45414847
BB,AA,BB,BB,AB,BB,BB,NC,AA,AA,AA,BB,AA,AA,BB,NC,AA,BB,BB,AA,NC,BB,NC,6.818181818
BB,AA,BB,BB,AB,BB,BB,NC,AA,AA,AA,BB,AA,AA,BB,NC,AA,BB,BB,AA,NC,BB,NC,-0.854700855
BB,AA,BB,BB,AB,BB,BB,NC,AA,AA,AA,BB,AA,AA,BB,NC,AA,BB,AB,AA,NC,BB,NC,-32.17054264
BB,AA,BB,BB,AB,BB,BB,NC,AA,AA,AA,BB,AA,AA,BB,NC,AA,BB,BB,AA,NC,BB,NC,-40.33613445
BB,AA,BB,BB,AB,BB,AB,NC,AA,AA,AA,BB,AA,AA,BB,NC,AA,AB,BB,AA,NC,BB,NC,-29.88047809
BB,AA,BB,AB,AB,BB,BB,NC,AA,AA,AA,BB,AA,AA,BB,NC,AA,BB,BB,AB,NC,BB,NC,-36.0
BB,AA,BB,AB,AB,BB,BB,NC,AA,AA,AA,BB,AA,AA,BB,NC,AA,BB,BB,AB,NC,BB,NC,-39.01639344
BB,AA,BB,AB,AB,BB,BB,NC,AA,AA,AA,BB,AA,AB,BB,NC,AA,BB,BB,AB,NC,BB,NC,-16.78321678
BB,AA,BB,BB,AB,BB,BB,NC,AA,AA,AA,BB,AA,AA,BB,NC,AA,BB,BB,AA,NC,BB,NC,3.529411765
BB,AA,BB,BB,AB,BB,BB,NC,AA,AA,AA,BB,AA,AA,BB,NC,AA,BB,BB,AA,NC,BB,NC,6.857142857
BB,AA,BB,BB,AB,BB,BB,NC,AA,AA,AA,BB,AA,AA,BB,NC,AA,BB,BB,AA,NC,BB,NC,2.877697842
BB,AA,BB,BB,AB,BB,BB,NC,AA,AA,AA,BB,AA,AA,BB,NC,AA,BB,BB,AA,NC,BB,NC,-21.15384615
BB,AA,BB,BB,AB,BB,BB,NC,AA,AA,AA,BB,AA,AA,BB,NC,AA,BB,BB,AA,NC,BB,NC,-26.96629213
BB,AA,BB,BB,AB,BB,BB,NC,AA,AA,AA,BB,AA,AA,BB,NC,AA,BB,BB,AA,NC,BB,NC,-62.5
BB,AA,BB,BB,AB,BB,BB,NC,AA,AA,AA,BB,AA,AA,BB,NC,AA,BB,BB,AA,NC,BB,NC,-18.51851852
BB,AA,BB,BB,AB,BB,BB,NC,AA,AA,AA,BB,AA,AA,BB,NC,AA,BB,BB,AA,NC,BB,NC,8.914728682
BB,AA,BB,BB,AB,BB,BB,NC,AA,AA,AA,BB,AA,AA,BB,NC,AA,BB,BB,AA,NC,BB,NC,-32.60869565
BB,AA,BB,BB,AB,BB,BB,NC,AB,AA,AA,BB,AA,AA,BB,NC,AA,BB,BB,AA,NC,BB,NC,-21.05263158
BB,AA,BB,BB,AB,BB,BB,NC,AA,AA,AA,BB,AA,AA,BB,NC,AA,BB,BB,AA,NC,BB,NC,-27.56183746
BB,AA,BB,BB,AB,BB,BB,NC,AA,AA,AA,BB,AA,AA,BB,NC,AA,BB,BB,AA,NC,BB,NC,22.30215827
BB,AA,BB,BB,AB,BB,BB,NC,AA,AA,AA,BB,AA,AA,BB,NC,AA,BB,BB,AA,NC,BB,NC,-28.20512821
BB,AA,BB,BB,AB,BB,BB,NC,AA,AA,AA,BB,AA,AA,BB,NC,AA,BB,BB,AA,NC,BB,NC,-10.0
BB,AA,BB,BB,AB,BB,BB,NC,AA,AA,AA,BB,AA,AA,BB,NC,AA,BB,BB,AA,NC,BB,NC,-21.77419355
BB,AA,BB,BB,AB,BB,BB,NC,AA,AA,AA,BB,AA,AA,BB,NC,AA,BB,BB,AA,NC,BB,NC,-17.91044776
BB,AA,BB,BB,AB,BB,BB,NC,AA,AA,AA,BB,AA,AA,BB,NC,AA,BB,BB,AA,NC,BB,NC,29.61373391
BB,AA,BB,BB,AB,BB,BB,NC,AA,AA,AA,BB,AA,AA,BB,NC,AA,BB,BB,AA,NC,BB,NC,-13.17829457
BB,AA,BB,BB,AB,BB,BB,NC,AA,AA,AA,BB,AA,AA,BB,NC,AA,BB,BB,AA,NC,BB,NC,-30.69306931
BB,AA,BB,BB,AB,BB,BB,NC,AA,AA,NC,BB,AA,AB,BB,NC,AA,BB,BB,AA,NC,BB,NC,29.31034483
BB,AA,BB,BB,AB,BB,BB,NC,AA,AA,AA,BB,AA,AA,BB,NC,AA,BB,BB,AA,NC,BB,NC,0.0
BB,AA,BB,BB,AB,BB,BB,NC,AB,AA,AA,BB,AA,AA,BB,NC,AA,BB,BB,AA,NC,BB,NC,-25.12820513
BB,AA,BB,BB,AB,BB,BB,NC,AA,AA,AA,BB,AA,AA,BB,NC,AA,BB,BB,AA,NC,BB,NC,-7.90960452
BB,AA,BB,BB,AB,BB,BB,NC,AB,AA,AA,BB,AA,AA,BB,NC,AA,BB,BB,AA,NC,BB,NC,-19.04761905
BB,AA,BB,BB,AB,BB,BB,NC,AA,AA,AA,BB,AA,AA,BB,NC,AA,BB,BB,AA,NC,BB,NC,-39.67391304
BB,AA,BB,BB,AB,BB,BB,NC,AA,AA,AA,BB,AA,AA,BB,NC,AA,BB,BB,AA,NC,BB,NC,-41.86046512
BB,AA,BB,BB,AB,BB,BB,NC,AB,AA,AA,BB,AA,AA,BB,NC,AA,BB,BB,AA,NC,BB,NC,-5.263157895
BB,AA,BB,BB,AB,BB,BB,NC,AA,AA,AA,BB,AA,AA,BB,NC,AA,BB,BB,AA,NC,BB,NC,-24.07407407
BB,AA,BB,BB,AB,BB,BB,NC,AA,AA,AA,BB,AB,AA,BB,NC,AA,BB,BB,AA,NC,BB,NC,-17.27272727
BB,AA,BB,BB,AB,BB,BB,NC,AA,AA,AA,BB,AA,AA,BB,NC,AA,BB,BB,AA,NC,BB,NC,-8.979591837
BB,AA,BB,BB,AB,BB,BB,NC,AA,AA,AA,BB,AA,AA,BB,NC,AA,BB,BB,AA,NC,BB,NC,18.6440678
BB,AA,BB,BB,AB,BB,BB,NC,AB,AA,AA,BB,AA,AA,BB,NC,AA,BB,BB,AA,NC,BB,NC,17.00680272
BB,AA,BB,BB,AB,BB,BB,NC,AB,AA,AA,BB,AA,AA,BB,NC,AA,BB,BB,AA,NC,BB,NC,-6.751054852
BB,AA,BB,BB,AB,BB,BB,NC,AA,AA,AA,BB,AA,AA,BB,NC,AA,AB,AB,AA,NC,BB,NC,25.0965251
BB,AA,BB,BB,AB,BB,BB,NC,AA,AA,AA,BB,AA,AA,BB,NC,AA,BB,BB,AA,NC,BB,NC,-33.5106383
BB,AA,BB,BB,AB,BB,BB,NC,AA,AA,AA,BB,AA,AA,BB,NC,AA,BB,BB,AA,NC,BB,NC,6.578947368
BB,AA,BB,BB,AB,BB,BB,NC,AA,AA,AA,BB,AA,AB,BB,NC,AA,BB,BB,AA,NC,BB,NC,-9.322033898
BB,AA,BB,BB,AB,BB,BB,NC,AA,AA,AA,BB,AA,AA,BB,NC,AA,BB,BB,AA,NC,BB,NC,-3.623188406
BB,AA,BB,BB,AB,BB,BB,NC,AA,AA,AA,BB,AA,AA,BB,NC,AA,BB,BB,AA,NC,BB,NC,-29.13907285
BB,AA,BB,BB,AB,BB,BB,NC,AA,AA,AA,BB,AA,AA,BB,NC,AA,BB,BB,AA,NC,BB,NC,-11.35135135
BB,AA,BB,BB,AB,BB,BB,NC,AA,AA,AA,BB,AA,AA,BB,NC,AA,BB,BB,AA,NC,BB,NC,-10.0591716
BB,AA,BB,BB,AB,BB,BB,NC,AA,AA,AA,BB,AA,AA,BB,NC,AA,BB,BB,AA,NC,BB,NC,-20.18348624
BB,AA,BB,BB,AB,BB,BB,NC,AA,AA,AA,BB,AA,AA,BB,NC,AA,BB,BB,AA,NC,BB,NC,-4.580152672
BB,AA,BB,BB,AB,BB,BB,NC,AA,AA,AA,BB,AA,AA,AB,NC,AA,BB,BB,AA,NC,AB,NC,-39.1025641
BB,AA,BB,BB,AB,BB,BB,NC,AA,AA,AA,BB,AA,AA,BB,NC,AA,BB,BB,AA,NC,BB,NC,-35.0
BB,AA,BB,BB,AB,BB,BB,NC,AA,AA,AA,BB,AA,AA,BB,NC,AA,BB,BB,AA,NC,BB,NC,-26.06837607
BB,AA,BB,BB,AB,BB,BB,NC,AA,AA,AA,BB,AA,AA,BB,NC,AA,BB,BB,AA,NC,BB,NC,-30.85106383
BB,AA,BB,BB,AB,BB,BB,NC,AA,AA,AA,BB,AA,AA,BB,NC,AA,BB,BB,AA,NC,BB,NC,-36.02771363
BB,AA,BB,BB,AB,BB,BB,NC,AA,AA,AA,BB,AA,AA,BB,NC,AA,BB,BB,AA,NC,BB,NC,-27.63157895
BB,AA,BB,BB,AB,BB,BB,NC,AA,AA,AA,BB,AA,AA,BB,NC,AA,BB,BB,AA,NC,BB,NC,74.21875
BB,AA,BB,BB,AB,BB,BB,NC,AA,AA,AA,BB,AA,AB,BB,NC,AA,BB,BB,AA,NC,BB,NC,-0.909090909
BB,AA,BB,BB,AB,BB,BB,NC,AA,AA,AA,BB,AA,AA,BB,NC,AA,BB,BB,AA,NC,BB,NC,-3.278688525
BB,AA,BB,BB,AB,BB,BB,NC,AA,AA,AA,BB,AA,AA,BB,NC,AA,BB,BB,AA,NC,BB,NC,-2.666666667
BB,AA,BB,BB,AB,BB,BB,NC,AA,AA,AA,BB,AA,AA,BB,NC,AA,BB,BB,AA,NC,AB,NC,-18.95734597
BB,AA,BB,BB,AB,BB,BB,NC,AA,AA,AA,BB,AA,AA,BB,NC,AA,BB,BB,AA,NC,BB,NC,-29.50819672
BB,AA,BB,BB,AB,BB,BB,NC,AA,AA,AA,BB,AA,AA,BB,NC,AA,BB,BB,AA,NC,BB,NC,-32.43243243
BB,AA,BB,BB,AB,BB,BB,NC,AA,AA,AA,BB,AA,AA,BB,NC,AA,BB,BB,AA,NC,BB,NC,-14.92537313
BB,AA,BB,BB,AB,BB,BB,NC,AA,AA,AA,BB,AA,AA,BB,NC,AA,BB,BB,AA,NC,BB,NC,-11.875
BB,AA,BB,BB,AB,BB,AB,NC,AA,AA,AA,BB,AA,AA,BB,NC,AA,BB,BB,AA,NC,BB,NC,-20.35928144
BB,AA,BB,AB,AB,BB,BB,NC,AA,AA,AA,BB,AA,AA,BB,NC,AA,BB,BB,AB,NC,BB,NC,-33.43023256
BB,AA,BB,BB,AB,BB,BB,NC,AA,AA,AA,BB,AA,AA,BB,NC,AA,BB,BB,AA,NC,BB,NC,-40.69767442
BB,AA,BB,BB,AB,BB,BB,NC,AA,AA,AA,BB,AA,AA,BB,NC,AA,BB,BB,AA,NC,BB,NC,12.21374046
BB,AA,BB,BB,AB,BB,BB,NC,AA,AA,AA,BB,AA,AA,BB,NC,AA,BB,BB,AA,NC,AB,NC,4.929577465
BB,AA,BB,BB,AB,BB,BB,NC,AA,AA,AA,BB,AA,AB,BB,NC,AA,BB,BB,AA,NC,BB,NC,-27.04402516
BB,AA,BB,BB,AB,BB,BB,NC,AA,AA,AA,BB,AA,AA,BB,NC,AA,BB,BB,AA,NC,BB,NC,-39.42857143
BB,AA,BB,BB,AB,BB,BB,NC,AA,AA,AA,BB,AA,AA,BB,NC,AA,BB,BB,AA,NC,BB,NC,-28.87700535
BB,AA,BB,BB,AB,BB,BB,NC,AA,AB,AA,BB,AA,AA,BB,NC,AA,BB,BB,AA,NC,BB,NC,-24.12280702
BB,AA,BB,BB,AB,BB,BB,NC,AA,AA,AA,BB,AA,AA,BB,NC,AA,BB,BB,AA,NC,BB,NC,-42.85714286
BB,AA,BB,BB,AB,BB,BB,NC,AA,AA,AA,BB,AA,AA,BB,NC,AA,BB,BB,AA,NC,BB,NC,-18.18181818
BB,AA,BB,BB,AB,BB,BB,NC,AA,AA,AA,BB,AA,AA,BB,NC,AA,BB,BB,AA,NC,BB,NC,-27.08333333
BB,AA,BB,BB,AB,BB,BB,NC,AA,AA,AA,BB,AA,AA,BB,NC,AA,BB,BB,AA,NC,BB,NC,-35.21126761
BB,AA,BB,BB,AB,BB,BB,NC,AA,AA,AA,BB,AA,AA,BB,NC,AA,BB,BB,AA,NC,BB,NC,-20.98765432
BB,AA,BB,BB,AB,BB,BB,NC,AA,AA,AA,BB,AA,AA,BB,NC,AA,BB,BB,AA,NC,BB,NC,-31.13772455
BB,AA,BB,BB,AB,BB,BB,NC,AA,AA,AA,BB,AA,AA,BB,NC,AA,BB,BB,AA,NC,BB,NC,-24.27184466
BB,AA,BB,BB,AB,BB,BB,NC,AA,AA,AA,BB,AA,AA,BB,NC,AA,BB,BB,AA,NC,BB,NC,-24.87046632
BB,AA,BB,BB,AB,BB,BB,NC,AA,AA,AA,BB,AA,AA,BB,NC,AA,BB,BB,AA,NC,BB,NC,-34.54894434
BB,AA,BB,BB,AB,BB,BB,NC,AA,AA,AA,BB,AA,AA,BB,NC,AA,BB,BB,AA,NC,BB,NC,-37.6344086
BB,AA,BB,BB,AB,BB,BB,NC,AA,AA,AA,BB,AA,AA,BB,NC,AA,BB,BB,AA,NC,BB,NC,-1.807228916
BB,AA,BB,BB,AB,BB,BB,NC,AA,AA,AA,BB,AA,AA,BB,NC,AA,BB,BB,AA,NC,BB,NC,-24.83660131
BB,AA,BB,BB,AB,BB,BB,NC,AA,AA,AA,BB,AA,AA,BB,NC,AA,BB,BB,AA,NC,BB,NC,-23.88059701
BB,AA,BB,BB,AB,BB,BB,NC,AA,AA,AA,BB,AA,AB,BB,NC,AA,BB,BB,AA,NC,BB,NC,-18.24324324
BB,AA,BB,BB,AB,BB,BB,NC,AA,AA,AA,BB,AA,AA,BB,NC,AA,BB,BB,AA,NC,BB,NC,-5.925925926
BB,AA,BB,BB,AB,BB,BB,NC,AA,AA,AA,BB,AA,AA,BB,NC,AA,BB,BB,AA,NC,BB,NC,-23.75
BB,AA,BB,BB,AB,BB,BB,NC,AA,AA,AA,BB,AA,AA,BB,NC,AA,BB,AB,AA,NC,BB,NC,3.10880829
BB,AA,BB,BB,AB,BB,BB,NC,AA,AA,AA,BB,AA,AA,AB,NC,AA,BB,BB,AA,NC,BB,NC,-20.21857923
BB,AA,BB,BB,AB,BB,BB,NC,AA,AA,AA,BB,AA,AA,BB,NC,AA,BB,BB,AA,NC,BB,NC,-43.80952381
BB,AA,BB,BB,AB,BB,BB,NC,AA,AA,AA,BB,AA,AA,BB,NC,AA,BB,BB,AA,NC,BB,NC,-31.09756098
BB,AA,BB,BB,AB,BB,BB,NC,AA,AA,AA,BB,AA,AA,BB,NC,AA,BB,BB,AA,NC,BB,NC,-31.0880829
BB,AA,BB,BB,AB,BB,BB,NC,AA,AA,AA,BB,AA,AA,BB,NC,AA,BB,BB,AA,NC,BB,NC,-27.23404255
BB,AA,BB,BB,AB,BB,BB,NC,AA,AA,AA,BB,AA,AA,BB,NC,AA,BB,BB,AA,NC,BB,NC,-13.15789474
BB,AA,BB,BB,AB,BB,BB,NC,AA,AA,AA,BB,AA,AA,BB,NC,AA,BB,BB,AA,NC,BB,NC,-37.70491803
BB,AA,BB,BB,AB,BB,BB,NC,AA,AA,AA,BB,AA,AA,BB,NC,AA,BB,BB,AA,NC,BB,NC,-52.99684543
BB,AA,BB,BB,AB,BB,BB,NC,AA,AA,AB,BB,AA,AA,BB,NC,AA,BB,BB,AA,NC,BB,NC,4.385964912
BB,AA,BB,BB,AB,BB,BB,NC,AA,AA,AA,BB,AA,AA,BB,NC,AA,BB,BB,AA,NC,BB,NC,-35.19553073
BB,AA,BB,BB,AB,BB,BB,NC,AA,AA,AA,BB,AA,AA,BB,NC,AA,BB,BB,AA,NC,BB,NC,-8.936170213
BB,AA,BB,BB,AB,BB,AB,NC,AA,AA,AA,BB,AA,AA,BB,NC,AA,BB,BB,AA,NC,BB,NC,-34.46601942
BB,AA,BB,BB,AB,BB,BB,NC,AB,AA,AA,BB,AA,AA,BB,NC,AA,BB,BB,AA,NC,BB,NC,-15.97222222
BB,AA,BB,BB,AB,BB,BB,NC,AA,AA,AA,BB,AA,AA,BB,NC,AA,BB,BB,AA,NC,BB,NC,-31.55080214
BB,AA,BB,BB,AB,BB,BB,NC,AB,AA,AA,BB,AA,AA,BB,NC,AA,BB,BB,AA,NC,BB,NC,-30.46875
BB,AA,BB,BB,AB,BB,BB,NC,AA,AA,AA,BB,AA,AA,BB,NC,AA,BB,BB,AA,NC,BB,NC,7.947019868
BB,AA,BB,BB,AB,BB,AB,NC,AA,AA,AA,BB,AA,AA,BB,NC,AA,BB,BB,AA,NC,BB,NC,-43.69747899
BB,AA,BB,BB,AB,BB,BB,NC,AA,AA,AA,BB,AA,AA,BB,NC,AA,BB,BB,AA,NC,BB,NC,-34.12462908
BB,AA,BB,BB,AB,BB,BB,NC,AA,AA,AA,BB,AA,AA,BB,NC,AA,BB,BB,AA,NC,BB,NC,-10.16949153
BB,AA,BB,BB,AB,BB,BB,NC,AA,AA,AA,BB,AA,AA,BB,NC,AA,BB,BB,AA,NC,BB,NC,-8.943089431
BB,AA,BB,BB,AB,BB,BB,NC,AA,AA,AA,BB,AA,AA,AB,NC,AA,BB,BB,AA,NC,BB,NC,-42.10526316
BB,AA,BB,BB,AB,BB,AB,NC,AA,AA,AA,BB,AA,AA,BB,NC,AA,BB,BB,AA,NC,BB,NC,-33.83084577
BB,AA,BB,BB,AB,BB,BB,NC,AA,AA,AA,BB,AA,AA,BB,NC,AA,BB,BB,AA,NC,BB,NC,-30.25210084
BB,AA,BB,BB,AB,BB,BB,NC,AA,AA,AA,BB,AA,AA,BB,NC,AA,BB,BB,AA,NC,BB,NC,-39.66480447
BB,AA,BB,BB,AB,BB,BB,NC,AA,AA,AA,BB,AA,AA,BB,NC,AA,BB,BB,AA,NC,AB,NC,39.0625
BB,AA,BB,BB,AB,BB,BB,NC,AA,AA,AA,BB,AA,AA,BB,NC,AA,BB,BB,AA,NC,BB,NC,-3.076923077
BB,AA,BB,BB,AB,BB,BB,NC,AA,AA,AA,BB,AA,AA,BB,NC,AA,BB,BB,AA,NC,BB,NC,-26.25698324
BB,AA,BB,BB,AB,BB,BB,NC,AA,AA,AA,BB,AA,AA,BB,NC,AA,BB,BB,AA,NC,BB,NC,2.479338843
BB,AA,BB,BB,AB,BB,BB,NC,AA,AA,AA,BB,AA,AA,BB,NC,AA,BB,BB,AA,NC,BB,NC,-13.83647799
BB,AA,BB,BB,AB,BB,BB,NC,AA,AA,AA,BB,AA,AA,BB,NC,AA,BB,BB,AA,NC,BB,NC,-25.92592593
BB,AA,BB,BB,AB,BB,BB,NC,AA,AA,AA,BB,AA,AA,BB,NC,AA,BB,BB,AA,NC,BB,NC,-25.61576355
BB,AA,BB,BB,AB,BB,BB,NC,AA,AA,AA,BB,AA,AA,BB,NC,AA,BB,BB,AA,NC,BB,NC,-43.03030303
BB,AA,BB,BB,AB,BB,BB,NC,AB,AA,AA,BB,AA,AA,BB,NC,AA,BB,BB,AA,NC,BB,NC,-19.74248927
BB,AA,BB,BB,AB,BB,BB,NC,AA,AA,AA,BB,AA,AA,BB,NC,AA,BB,BB,AA,NC,BB,NC,-8.637873754
BB,AA,BB,BB,AB,BB,BB,NC,AA,AA,AA,BB,AA,AA,BB,NC,AA,BB,BB,AA,NC,BB,NC,16.07142857
BB,AA,BB,BB,AB,BB,BB,NC,AA,AA,AA,BB,AA,AA,BB,NC,AA,BB,BB,AA,NC,BB,NC,-41.89189189
BB,AA,BB,AB,AB,BB,BB,NC,AA,AA,AA,BB,AA,AA,BB,NC,AA,BB,BB,AB,NC,BB,NC,-24.58100559
BB,AA,BB,BB,AB,BB,BB,NC,AA,AA,AA,BB,AA,AA,BB,NC,AA,BB,BB,AA,NC,BB,NC,11.88118812
BB,AA,BB,AB,AB,BB,BB,NC,AA,AA,AA,BB,AA,AA,BB,NC,AA,BB,BB,AB,NC,BB,NC,-38.57142857
BB,AA,BB,BB,AB,BB,BB,NC,AA,AA,AA,BB,NC,AA,BB,NC,AA,BB,BB,AA,NC,BB,NC,-39.54248366
BB,AA,BB,BB,AB,BB,BB,NC,AA,AA,AA,BB,AA,AA,BB,NC,AA,AB,BB,AA,NC,BB,NC,-42.9245283
BB,AA,BB,BB,AB,BB,BB,NC,AA,AA,AA,BB,AA,AA,BB,NC,AA,BB,BB,AA,NC,BB,NC,-64.92146597
BB,AA,BB,BB,AB,BB,BB,NC,AA,AA,AA,BB,AA,AB,BB,NC,AA,BB,BB,AA,NC,BB,NC,24.07407407
BB,AA,BB,BB,AB,BB,BB,NC,AA,AA,AA,BB,AA,AA,BB,NC,AA,BB,BB,AA,NC,BB,NC,-20.83333333
BB,NC,BB,BB,AB,BB,BB,NC,AA,AA,AA,BB,AA,AA,BB,NC,AA,BB,BB,AA,NC,BB,NC,-28.31050228
BB,AA,BB,BB,AB,BB,BB,NC,AA,AA,AA,BB,AA,AA,BB,NC,AA,BB,BB,AA,NC,BB,NC,-10.66666667
BB,AA,BB,BB,AB,BB,BB,NC,AA,AA,AA,BB,AA,AA,BB,NC,AA,BB,BB,AA,NC,BB,NC,-27.23735409
BB,AA,BB,BB,AB,BB,BB,NC,AA,AA,AA,BB,AA,AA,BB,NC,AA,BB,BB,AA,NC,BB,NC,-4.968944099
BB,AA,BB,BB,AB,BB,BB,NC,AA,AA,AA,BB,AA,AA,AB,NC,AA,BB,BB,AA,NC,BB,NC,-22.64957265
BB,AA,BB,BB,AB,BB,BB,NC,AA,AA,AA,BB,AA,AA,BB,NC,AA,BB,BB,AA,NC,BB,NC,7.627118644
BB,AA,BB,BB,AB,BB,BB,NC,AA,AA,AA,BB,AA,AA,BB,NC,AA,BB,BB,AA,NC,BB,NC,-13.76146789
BB,AA,BB,BB,AB,BB,BB,NC,AA,AA,AA,BB,AA,AA,BB,NC,AA,BB,BB,AA,NC,BB,NC,0.0
BB,AA,BB,BB,AB,BB,BB,NC,AA,AA,AA,BB,AA,AA,BB,NC,AA,BB,BB,AA,NC,BB,NC,7.236842105
BB,AA,BB,BB,AB,BB,BB,NC,AA,AA,AA,BB,AA,AA,BB,NC,AA,BB,BB,AA,NC,BB,NC,-7.784431138
BB,AA,BB,BB,AB,BB,BB,NC,AA,AA,AA,BB,AA,AA,BB,NC,AA,BB,BB,AA,NC,BB,NC,-9.375
BB,AA,BB,BB,AB,BB,BB,NC,AA,AA,AA,BB,AA,AA,BB,NC,AA,BB,BB,AA,NC,BB,NC,-11.53846154
BB,AA,BB,BB,AB,BB,BB,NC,AA,AA,AA,BB,AA,AA,BB,NC,AA,AB,BB,AA,NC,BB,NC,-14.04958678
BB,AA,BB,BB,AB,BB,BB,NC,AA,AA,AA,BB,AA,AA,BB,NC,AA,BB,BB,AA,NC,AB,NC,-19.00826446
BB,AA,BB,BB,AB,BB,BB,NC,AA,AA,AA,BB,AA,AA,BB,NC,AA,BB,BB,AA,NC,BB,NC,-12.99435028
BB,AA,BB,BB,AB,BB,BB,NC,AA,AA,AA,BB,AA,AA,BB,NC,AA,BB,BB,AA,NC,BB,NC,0.0
BB,AA,BB,BB,AB,BB,BB,NC,AA,AA,AA,BB,AA,AA,BB,NC,AA,BB,BB,AA,NC,BB,NC,-14.43661972
BB,AA,BB,BB,AB,BB,BB,NC,AA,AA,AA,BB,AA,AA,BB,NC,AA,BB,BB,AA,NC,BB,NC,-23.1292517
BB,AA,BB,BB,AB,BB,BB,NC,AA,AA,AA,BB,AA,AA,BB,NC,AA,BB,BB,AA,NC,BB,NC,-10.16949153
BB,AA,BB,BB,AB,BB,BB,NC,AA,AA,AA,BB,AA,AB,BB,NC,AA,BB,BB,AA,NC,BB,NC,-54.44444444
BB,AA,BB,BB,AB,BB,BB,NC,AA,AA,AA,BB,AA,AA,BB,NC,AA,BB,BB,AA,NC,BB,NC,-10.1910828
BB,AA,BB,BB,AB,BB,BB,NC,AA,AA,AA,BB,AA,AA,BB,NC,AA,BB,BB,AA,NC,BB,NC,-10.1910828
BB,AA,BB,BB,AB,BB,BB,NC,AA,AA,AA,BB,AA,AA,BB,NC,AA,BB,BB,AA,NC,BB,NC,-25.49019608
BB,AA,BB,BB,AB,BB,BB,NC,AA,AA,AA,BB,AA,AA,BB,NC,AA,BB,BB,AA,NC,BB,NC,-26.62337662
BB,AA,BB,BB,AB,BB,BB,NC,AA,AA,AA,BB,AA,AA,BB,NC,AA,BB,BB,AA,NC,BB,NC,-46.32034632
BB,AA,BB,BB,AB,BB,BB,NC,AA,AA,AA,BB,AA,AA,BB,NC,AA,BB,BB,AA,NC,BB,NC,-35.71428571
BB,AA,BB,BB,AB,BB,BB,NC,AA,AA,AA,BB,AA,AA,BB,NC,AA,BB,BB,AA,NC,BB,NC,-30.65326633
BB,AA,BB,BB,AB,BB,BB,NC,AA,AA,AA,BB,AA,AA,BB,NC,AA,AB,BB,AA,NC,BB,NC,-16.37931034
BB,AA,BB,BB,AB,BB,BB,NC,AA,AA,AA,BB,AA,AA,BB,NC,AA,BB,BB,AA,NC,AB,NC,-7.692307692
BB,AA,BB,BB,AB,BB,BB,NC,AA,AA,AA,BB,AA,AA,BB,NC,AA,BB,BB,AA,NC,BB,NC,-11.85185185
BB,AA,BB,BB,AB,BB,BB,NC,AA,AA,AA,BB,AA,AA,BB,NC,AA,BB,BB,AA,NC,BB,NC,-10.38961039
BB,AA,BB,BB,AB,BB,BB,NC,AA,AA,AA,BB,AA,AA,BB,NC,AA,BB,BB,AA,NC,BB,NC,-32.85714286
BB,AA,BB,BB,AB,BB,BB,NC,AB,AA,AA,BB,AA,AA,BB,NC,AA,BB,BB,AA,NC,BB,NC,-6.617647059
BB,AA,BB,BB,AB,BB,BB,NC,AA,AA,AA,BB,AA,AA,BB,NC,AA,BB,BB,AA,NC,BB,NC,-49.36708861
BB,AA,BB,BB,AB,BB,BB,NC,AA,AA,AA,BB,AA,AA,BB,NC,AA,BB,BB,AA,NC,BB,NC,-15.49295775
BB,AA,BB,BB,AB,BB,BB,NC,AA,AA,AA,BB,AA,AA,BB,NC,AA,BB,BB,AA,NC,BB,NC,-32.31132075
BB,AA,BB,BB,AB,BB,BB,NC,AA,AA,AA,BB,AA,AA,BB,NC,AA,BB,BB,AA,NC,BB,NC,-12.68292683
BB,AA,BB,BB,AB,BB,BB,NC,AA,AA,AA,BB,AA,AA,BB,NC,AA,BB,BB,AA,NC,BB,NC,-38.46153846
BB,AA,BB,BB,AB,BB,BB,NC,AA,AA,AA,BB,AA,AA,BB,NC,AA,BB,BB,AA,NC,BB,NC,-27.38095238
BB,AA,BB,BB,AB,BB,BB,NC,AA,AA,AA,BB,AA,AA,BB,NC,AA,BB,BB,AA,NC,BB,NC,-24.03433476
BB,AA,BB,BB,AB,BB,BB,NC,AA,AA,AA,BB,AA,AA,BB,NC,AA,BB,BB,AA,NC,BB,NC,-10.91954023
BB,AA,BB,BB,AB,BB,BB,NC,AA,AA,AA,BB,AA,AA,BB,NC,AA,BB,BB,AA,NC,BB,NC,-19.1011236
BB,AA,BB,BB,AB,BB,BB,NC,AA,AA,AA,BB,AA,AB,BB,NC,AA,BB,AB,AA,NC,BB,NC,-24.33628319
BB,AA,BB,BB,AB,BB,BB,NC,AA,AA,AA,BB,AA,AA,BB,NC,AA,BB,BB,AA,NC,BB,NC,-45.12195122
BB,AA,BB,BB,AB,BB,BB,NC,AA,AA,AA,BB,AA,AA,BB,NC,AA,BB,BB,AA,NC,BB,NC,-1.578947368
BB,AA,BB,BB,AB,BB,BB,NC,AA,AA,AA,BB,AA,AA,BB,NC,AA,BB,BB,AA,NC,BB,NC,-3.846153846
BB,AA,BB,BB,AB,BB,BB,NC,AA,AA,AA,BB,AA,AA,BB,NC,AA,BB,BB,AA,NC,BB,NC,-28.40909091
BB,AA,BB,BB,AB,BB,BB,NC,AA,AA,AA,BB,AA,AA,BB,NC,AA,BB,BB,AA,NC,BB,NC,20.53571429
BB,AA,BB,BB,AB,BB,BB,NC,AA,AA,AA,BB,AA,AA,BB,NC,AA,BB,BB,AA,NC,BB,NC,-2.564102564
BB,AA,BB,BB,AB,BB,BB,NC,AA,AA,AA,BB,AA,AA,BB,NC,AA,BB,BB,AA,NC,BB,NC,-9.239130435
BB,AA,BB,BB,AB,BB,BB,NC,AA,AA,AA,BB,AA,AA,BB,NC,AA,BB,BB,AA,NC,BB,NC,-20.80924855
BB,AA,BB,BB,AB,BB,BB,NC,AA,AA,AA,BB,AA,AA,BB,NC,AA,BB,BB,AA,NC,BB,NC,-27.87878788
BB,AA,BB,BB,AB,BB,BB,NC,AA,AA,AA,BB,AA,AA,BB,NC,AA,BB,BB,AA,NC,BB,NC,-11.17318436
BB,AA,BB,BB,AB,BB,BB,NC,AA,AA,AA,BB,AA,AA,BB,NC,AA,BB,BB,AA,NC,BB,NC,-43.51851852
BB,AA,BB,BB,AB,BB,BB,NC,AA,AA,AA,BB,AA,AA,BB,NC,AA,BB,BB,AA,NC,BB,NC,-30.88235294
BB,AA,BB,BB,AB,BB,BB,NC,AA,AA,AA,BB,AA,AA,BB,NC,AA,BB,BB,AA,NC,BB,NC,-25.24271845
BB,AA,BB,BB,AB,BB,BB,NC,AA,AA,AA,BB,AA,AA,BB,NC,AA,BB,BB,AA,NC,BB,NC,-11.9760479
BB,AA,BB,BB,AB,BB,BB,NC,AA,AA,AA,BB,AA,AA,BB,NC,AA,BB,BB,AA,NC,BB,NC,3.636363636
BB,AA,BB,BB,AB,BB,BB,NC,AA,AA,AA,BB,AA,AA,BB,NC,AA,BB,BB,AA,NC,BB,NC,-27.94759825
BB,AA,BB,AB,AB,BB,BB,NC,AA,AA,AA,BB,AA,AA,BB,NC,AA,BB,BB,AB,NC,BB,NC,-35.20408163
BB,AA,BB,BB,AB,BB,BB,NC,AA,AA,AA,BB,AA,AA,BB,NC,AA,BB,BB,AA,NC,BB,NC,-38.55932203
BB,AA,BB,BB,AB,BB,BB,NC,AA,AA,AA,BB,AA,AA,BB,NC,AA,BB,BB,AB,NC,BB,NC,-10.86956522
BB,AA,BB,BB,AB,BB,BB,NC,AA,AA,AA,BB,AA,AA,BB,NC,AA,BB,BB,AA,NC,BB,NC,-21.53846154
BB,AA,BB,BB,AB,BB,BB,NC,AA,AA,AA,BB,AA,AA,BB,NC,AA,BB,BB,AA,NC,BB,NC,-40.65420561
BB,AA,BB,BB,AB,BB,BB,NC,AA,AA,AA,BB,AA,AA,BB,NC,AA,BB,AB,AA,NC,BB,NC,-28.63436123
BB,AA,BB,BB,AB,BB,BB,NC,AA,AA,AA,BB,AA,AA,BB,NC,AA,BB,BB,AA,NC,BB,NC,-23.90852391
BB,AA,BB,BB,AB,BB,BB,NC,AA,AA,AA,BB,AA,AA,BB,NC,AA,BB,BB,AA,NC,BB,NC,-5.681818182
BB,AA,BB,BB,AB,BB,BB,NC,AB,AA,AA,BB,AA,AB,BB,NC,AA,BB,BB,AA,NC,BB,NC,-6.474820144
BB,AA,BB,BB,AB,BB,BB,NC,AA,AA,AA,BB,AA,AA,BB,NC,AA,BB,BB,AA,NC,BB,NC,-44.97607656
BB,AA,BB,BB,AB,BB,BB,NC,AA,AA,AA,BB,AA,AA,BB,NC,AA,BB,BB,AA,NC,BB,NC,-37.71186441
BB,AA,BB,BB,AB,BB,BB,NC,AA,AA,AA,BB,AA,AA,BB,NC,AA,BB,BB,AA,NC,BB,NC,0.909090909
BB,AA,BB,BB,AB,BB,BB,NC,AA,AA,AA,BB,AA,AA,BB,NC,AA,BB,BB,AA,NC,BB,NC,-16.66666667
BB,AA,BB,BB,AB,BB,BB,NC,AA,AA,AA,BB,AA,AA,BB,NC,AA,BB,BB,AA,NC,BB,NC,-18.84057971
BB,AA,BB,BB,AB,BB,BB,NC,AA,AA,AA,BB,AA,AA,BB,NC,AA,BB,BB,AA,NC,BB,NC,2.777777778
BB,AA,BB,BB,AB,BB,BB,NC,AA,AA,AA,BB,AA,AA,BB,NC,AA,BB,BB,AA,NC,BB,NC,-13.43283582
BB,AA,BB,BB,AB,BB,BB,NC,AB,AA,AA,BB,AA,AA,BB,NC,AA,BB,BB,AA,NC,BB,NC,23.125
BB,AA,BB,BB,AB,BB,BB,NC,AA,AA,AA,BB,AA,AA,BB,NC,AA,BB,BB,AA,NC,BB,NC,-12.55813953
